PTMcode:Interprotein_Interactions,count
P04637,3222
P62993,3069
P12931,2822
P31946,2365
P00533,2190
P35222,2039
P31749,1827
P27986,1778
Q5TD97,1703
P06241,1668
P29353,1591
P46108,1477
P28482,1421
P22681,1413
P12004,1383
P17252,1361
P68400,1297
P24928,1288
Q15428,1215
P63000,1204
P00519,1183
P42574,1114
P07900,1096
P35568,1065
P40763,1051
P29350,1037
P38398,1009
P63165,990
P61586,953
P16333,936
P53350,925
O60674,913
P04049,912
O00459,906
O15379,891
P14923,888
P67775,869
P06213,864
Q04206,845
P60953,843
Q05513,839
O14980,837
P01106,834
P49841,834
P46109,810
P43405,809
P05412,794
P23458,790
P62258,789
P51532,788
P53779,781
P61981,779
P42345,779
Q04917,765
P04626,753
P08069,748
Q9Y297,748
P46782,733
P07333,728
Q07889,725
Q13315,719
P62979,706
P11142,700
P27348,698
P06493,696
P18031,688
Q14289,688
Q05655,675
P19338,669
P16104,666
P62913,663
P24941,662
P61956,656
Q03135,652
P62888,650
P62917,646
P19838,638
Q16539,636
P15311,636
P46777,634
P01112,632
P30050,625
Q07666,623
P27694,621
P36578,615
P62249,609
P52333,604
P19793,598
P30153,593
P62753,590
Q13322,586
Q09028,585
P42229,581
P35221,578
Q00535,576
Q13191,576
Q00610,570
P04150,567
P32969,565
P06748,564
Q92831,558
P42566,555
P62826,553
P11387,547
P39023,543
P05067,541
Q9Y4H2,539
Q02878,537
Q14974,536
P61353,536
O00567,524
P62081,524
Q02750,522
Q9Y4K3,521
Q93009,519
P10415,517
P46781,516
P11274,514
P42336,511
Q9UQC2,508
O95229,508
P62241,506
P35813,505
P10275,503
Q13480,497
P05388,495
P62136,495
P56524,493
Q13094,491
O15169,491
P61313,490
P83731,490
Q99873,488
P62263,487
P38936,484
P33151,482
P08631,479
Q16665,479
P11831,479
P19235,478
Q13464,477
P16885,477
P29597,477
P35968,476
P15056,469
P42768,467
P42766,467
Q9Y3U8,466
P15924,465
P20248,464
Q02543,463
P62244,463
Q92901,459
P11388,459
P29590,457
Q13485,454
P63208,452
Q07955,449
P41240,447
Q15648,445
P19438,442
O60716,441
P10721,440
P62829,440
O96017,439
P51531,436
P25054,436
P17676,435
P05387,434
P05106,433
Q13526,431
P54132,429
Q96RT1,427
P62910,427
P50750,426
Q00403,425
A2A3N6,424
P19387,424
Q9Y5B9,422
Q06187,422
P26373,421
O43683,421
Q92878,421
P19784,419
P18077,417
Q96B97,416
O43684,415
O95793,412
Q99741,410
P61978,409
P46934,408
O00231,408
P43403,407
Q99459,406
O00303,406
O43639,405
P84098,402
P16070,402
P43034,399
Q05193,397
O14939,395
P60900,394
O15530,394
Q14247,393
Q02156,392
O15111,390
Q13363,389
P19022,385
Q9P289,383
Q15139,382
Q96EB6,382
P62701,381
Q16623,381
P37840,380
P25789,380
P51587,379
P61247,379
Q92922,379
P40818,378
P05771,377
O60934,377
O14746,375
P55884,375
P08575,374
Q16531,373
Q16543,372
Q07817,372
P15976,367
Q9BWU1,367
P08670,367
P28066,365
P33993,364
P33991,364
Q08945,362
P07947,362
P51665,360
O60260,355
P05386,355
Q8N122,355
O75531,354
P08708,354
Q12778,353
P07949,352
P25098,352
Q969G3,351
O14818,350
P25490,348
P12956,347
P02545,343
P17980,342
P62280,342
P24394,341
P43686,341
Q13418,339
P05107,337
Q15008,337
P62899,337
Q12888,335
Q12824,335
P39748,334
P14635,334
O00410,333
P62191,333
P62906,332
O75886,332
Q96GM5,331
Q08211,330
P21860,328
P16220,327
Q12834,327
Q9Y2X3,325
O15357,323
Q8IZP0,323
Q9UMD9,322
P46527,322
P15172,320
O43172,319
Q15303,319
P18124,318
P62333,318
P49792,318
P41235,317
Q15291,317
Q15691,315
Q96J02,315
P60484,315
P61513,314
P20700,313
Q9NRL3,312
P63173,311
P17480,311
P18206,311
P37198,311
O14964,310
O00487,308
Q14155,307
P84077,307
P40306,306
Q13033,305
Q13616,305
Q14511,303
Q10567,302
P13569,301
Q13111,301
O75821,301
P62318,300
P09651,300
Q07890,300
P98077,300
P18621,299
P51617,299
O95271,296
O14745,296
Q99683,296
P35268,295
Q9UQL6,295
P24385,293
Q8TEW0,293
P05783,293
P49207,292
P17948,292
Q13233,292
Q92934,290
P49721,290
Q9BXW9,289
P01100,289
Q92973,289
P05556,289
P46940,288
Q14203,288
Q9H204,288
Q15287,287
P43246,287
Q53HL2,286
Q9NZ52,286
Q99460,285
Q96CW1,284
Q9UKV8,284
P63096,283
P62266,281
P10636,281
O60437,281
Q14692,280
P61964,280
P25788,280
P48556,279
P46531,278
P17706,278
Q14191,278
P61927,277
P07550,276
Q13042,276
Q9Y6I3,274
Q9UER7,274
O14641,273
P62316,273
P52948,273
O95402,272
P17302,272
O75791,272
Q99436,271
P52735,270
P10828,270
P35240,270
Q13347,268
Q8TAQ2,268
Q92574,268
P04406,268
P23443,267
Q9GZM8,266
Q9NVC6,266
Q92558,266
Q9NS87,266
Q14449,265
Q12929,264
P61254,264
P56537,263
Q04759,263
Q15788,263
P52292,263
P10242,263
P49674,263
P49407,263
O95782,263
P20340,262
P25786,262
P16591,261
P20618,260
P16144,259
P10809,259
Q14790,259
Q07820,259
P45983,258
P45985,258
P50402,258
Q13835,258
Q9UBL3,257
P07585,256
Q15464,256
Q13416,255
Q15269,255
Q99959,255
O60832,255
P26038,254
Q06787,252
P11532,252
P16234,251
P17947,251
Q13601,250
P30154,250
P13639,250
Q15554,250
Q6R327,250
Q13309,249
P50570,249
Q8NEM0,248
Q12913,248
P54578,247
Q99728,246
Q9ULK4,246
Q9UJX2,245
Q13546,245
Q8N8S7,244
Q05209,243
P27824,243
Q9UJY5,243
Q9UHD2,242
P19525,241
P07332,241
Q8WV28,241
P62877,240
P20963,239
Q9BVC4,239
P51451,239
Q92830,239
P51784,238
O96019,237
P25685,237
P55212,237
Q9UM73,237
P78347,236
Q9UKB1,236
P37231,235
Q15172,235
Q15843,234
O00267,234
O14965,234
Q14686,233
Q9UQB8,233
P10301,233
P29317,230
P50914,230
P14598,229
P68036,228
Q5FBB7,228
P05198,228
Q7KZI7,228
P55769,228
P62834,226
P98170,226
P29992,225
Q9ULH1,225
Q9UNE7,225
Q13619,225
P05787,225
Q96JA1,225
P30876,224
Q12846,224
Q13393,223
P43351,223
P54646,222
P35269,222
P46087,221
Q14764,220
P25942,219
Q9UJY4,218
P10827,218
P50552,218
P00734,218
Q86X55,218
P98164,217
O60500,217
Q8WU20,217
P20339,217
P22087,216
Q07912,215
P01730,214
P28070,214
Q9UJX6,214
P11171,212
P08238,212
P50613,212
P49790,211
Q13158,211
P27635,211
P52294,210
Q9Y2T1,209
P32121,209
P01133,209
O14497,208
P78371,207
P09769,207
Q96SB4,207
Q15831,206
Q02880,206
Q14118,206
O14543,206
P40189,206
P23229,205
P41182,205
Q01780,205
Q9UKW4,205
Q14566,205
Q15022,205
O75643,205
P41743,204
O00255,204
O43294,203
Q13330,203
P14784,203
Q06330,203
Q15047,202
Q04864,202
P55211,202
P51610,202
Q93074,202
P01135,202
Q7L590,201
P13647,201
P21127,201
Q02535,201
Q96F07,201
P48730,200
Q92783,200
O00329,200
Q8WYH8,199
O75832,199
O43464,199
Q15599,198
Q9Y446,198
Q8WZ74,198
P54274,198
Q15759,197
Q9Y6Q9,197
P04271,197
Q9Y5K6,197
O15294,196
Q13009,196
Q12962,196
Q9Y6D6,196
P07476,196
P10912,196
P61221,196
Q5VSL9,195
Q13541,195
O75822,195
Q14653,195
P49757,195
Q9H8V3,194
Q08209,194
Q96RU2,194
Q9H0A0,193
P15336,193
P83876,192
Q9BPZ7,192
P29323,191
Q14145,190
P02452,189
Q14457,189
Q99638,189
P35611,189
O95999,188
Q13554,188
Q9UJX4,188
P57053,188
P63272,187
O00560,187
Q53GS9,187
Q9UJX5,186
P60228,186
Q96MU7,186
O14777,186
P84095,185
P48643,185
Q13501,185
P51608,185
P04792,185
O00422,185
Q9NWQ8,185
Q9HAV4,184
O15055,184
Q14676,183
O95983,183
Q99816,182
O14802,182
P27695,182
O95067,182
Q9Y5N6,182
Q6P1J9,182
Q01105,182
Q15029,182
P62750,182
Q99759,181
Q99613,181
P62330,180
O95400,180
Q7L5N1,180
O94973,179
O14733,179
Q9UJX3,178
Q15078,178
Q9UBT2,178
O15392,178
Q92529,177
O14776,177
P07766,176
P57740,176
P28072,176
Q13490,175
O00327,175
P27797,175
Q02413,175
P27701,175
Q9Y4A5,175
P48736,174
Q92547,174
Q8TB45,174
Q9NS23,173
O00161,173
O43264,173
Q99496,173
Q92845,172
Q04912,172
P17661,172
Q96HR3,172
Q13263,171
Q9BUE0,171
O75419,171
P11413,171
Q13671,170
Q92541,170
P11233,170
Q92918,170
P49418,170
Q14839,170
Q9H0K1,170
P51946,168
P28340,168
P15531,167
P11474,167
P35232,167
Q00534,167
Q16620,167
Q8TDN6,166
O95630,166
O95251,165
Q9HC62,165
P98172,165
P54727,165
P31751,165
P24864,165
Q15382,164
Q15233,164
P40227,164
P35606,164
Q8TAF3,163
O15018,163
Q9BUL8,163
P08514,162
Q9Y6I4,162
O43747,162
Q6STE5,162
O75448,162
P62070,161
Q9Y3C7,161
Q13164,161
P32004,161
P11717,160
Q9NQC7,160
P04083,160
Q9Y566,159
Q9NXR1,159
Q9UIG0,159
Q99569,159
P06576,159
O15105,159
Q9UNL4,159
Q9UQ80,159
P05129,158
Q00005,158
O00522,158
P53667,158
Q13627,158
Q16401,158
P50991,157
Q9Y490,157
P61970,156
Q02241,156
P48023,156
P37173,155
P49720,155
O60504,155
P08253,154
Q13285,154
P42261,153
P60842,153
Q13387,153
Q8WUM0,152
O95684,152
Q01831,152
O60496,151
P17275,151
Q16584,151
P38432,151
Q01196,151
Q15942,151
Q9UKD2,151
P35548,150
O15371,150
Q9UJM3,150
Q05516,150
P61218,149
P83881,149
Q9H1A4,149
Q13503,148
P41279,148
P56545,148
Q13114,148
Q9Y6R4,148
Q9Y2T4,147
P26006,147
Q13163,147
P48552,147
P54259,147
Q9NVP2,147
Q96B36,147
P11802,147
P41567,147
Q9UHI6,146
Q9Y2A7,146
Q13576,146
O00443,146
P00558,146
Q969H0,146
P32942,145
Q14526,145
O43913,145
P08579,145
P23763,145
P09884,145
Q9GZY6,145
O14908,145
P30086,145
P18074,144
P49137,144
Q15366,144
P29084,144
Q9UHV7,144
Q8IW41,144
P84103,144
O43150,144
Q9UBD5,143
P06703,143
P20042,143
P63172,143
Q13190,143
Q9ULM6,143
P57075,143
O75943,143
Q99832,143
P06127,143
Q14978,143
Q9H2X6,142
Q92817,142
Q08170,142
O43597,142
P49005,142
P22626,142
P16671,142
Q6PD62,141
Q8TED0,141
Q96LI5,141
Q99418,141
O43818,140
Q99608,140
P08123,140
O75400,140
O43516,139
Q9H2K2,138
P55283,138
Q53ET0,137
Q13561,137
O15516,137
P50990,137
Q9UBU7,137
O43353,136
Q9UBE0,136
P61073,136
P20823,136
A9YTQ3,136
P02649,136
Q6VY07,136
Q9UQF2,135
Q16526,135
P48551,135
Q8IWZ3,135
Q9NYB0,134
P23528,134
Q6PIZ9,134
Q96S55,134
Q9Y6W5,134
O75586,134
P46734,134
Q9UJU6,134
O00566,133
O75581,133
Q12874,133
Q9Y3C5,133
O14974,132
O60784,132
Q6WCQ1,132
O94875,131
O15162,131
O15534,131
Q13105,131
P02549,131
Q15555,131
Q8IZH2,130
P99999,130
Q9Y2U5,130
Q12906,130
P10398,130
O60508,130
P36954,130
Q02779,130
Q9NRD5,130
Q8TF42,130
P23246,129
P06729,129
Q16512,129
Q9NRF9,129
P46778,129
Q8IYD8,129
P18848,129
Q9UKT9,129
O95347,129
P56645,128
O43929,128
P19388,128
Q13489,128
O00499,128
Q99708,127
Q8NEB9,127
Q49AN0,127
Q7L2J0,127
Q8TD19,127
P09958,126
P29083,126
Q8WWQ0,126
P10747,126
Q96CS2,126
P22415,126
Q8N0X7,125
P27540,125
P42226,125
P19419,125
O75116,125
Q9P2B4,125
P54252,125
O00291,124
P62487,124
Q13588,124
Q9Y4E8,124
Q15365,124
Q92572,124
Q9UBS0,124
O15047,124
O15519,124
P15153,123
Q99856,123
P10599,123
P49450,123
P28827,123
Q15276,123
O15492,123
Q08J23,123
O60749,123
Q14BN4,123
P81274,123
Q9ULX6,122
Q9UQR1,122
Q15311,122
Q9UNN8,122
Q96DE5,122
P07996,121
P36956,121
P38646,121
O75843,121
Q06587,121
Q9H944,121
Q13620,121
Q9BT92,121
Q14994,121
O15230,121
Q13351,120
Q9H410,120
P49411,120
O15360,120
P33981,120
Q8N1F7,120
Q9BZE4,120
Q9UKF6,120
P18887,120
O75190,119
P19474,119
P40337,119
Q9Y5B0,119
P20827,119
O14561,119
Q9NR28,119
P13688,118
P23511,118
Q8NFH3,118
P25391,118
P61088,118
Q9UPY3,118
P23025,118
P98177,118
P53680,118
P35869,118
Q13618,118
Q9HD26,117
P33176,117
Q9NYJ8,117
P09496,117
P02647,117
Q9H0M0,117
O43752,117
P51813,116
P50616,115
Q9BXL7,115
P55210,115
P31948,115
P01137,114
P23471,114
P18084,114
Q9NP85,114
Q96G25,114
O75475,114
Q13107,114
Q9NWV8,114
Q9H7B2,113
P63241,113
P78536,113
P07992,113
P21580,113
Q02224,113
P05549,113
P23258,113
Q15633,112
Q9NQ66,112
Q02078,112
P62495,112
P54764,112
P32927,112
P11912,112
P63220,112
O95295,112
P49327,111
P00451,111
Q14126,111
P24821,111
P31949,111
P46736,111
Q9HAW4,111
Q16555,111
Q6IQ23,111
Q13131,111
Q9BUZ4,111
Q13569,111
O60447,110
O95721,110
Q04323,110
P14317,110
O95747,110
Q92908,110
P23771,110
P47712,110
P49454,110
Q15654,110
Q9Y6J0,110
P08887,110
Q9Y294,109
P51965,109
P07737,109
Q16576,109
Q14587,109
Q9Y2J0,109
P16473,109
Q00653,109
Q13873,109
Q13469,109
Q00688,108
O43521,108
Q9H9A7,108
P62875,108
P07355,108
P11047,108
P12318,108
P53355,107
P03372,107
Q96B67,107
Q07021,107
O14976,107
P11166,107
P16389,107
P78396,107
P12643,107
P24588,106
Q13976,106
Q14012,106
Q13133,106
Q9BZD4,106
P62820,106
P51955,106
O14646,105
P17844,105
Q96B26,105
P16949,105
P52565,105
P09429,105
P06756,105
Q07812,105
Q9BYG5,105
Q9NY12,104
P35070,104
Q7L576,104
P78545,104
Q6W2J9,104
Q14315,104
P54253,104
O00418,104
A0JLT2,104
P51114,104
P52799,104
P51149,104
Q14204,103
P20585,103
P62273,103
O14654,103
P17535,103
P61923,103
P00441,103
Q96EE3,103
Q9H0H5,103
P17181,103
Q9Y5X1,102
Q92851,102
Q13409,102
Q02388,102
Q15466,102
Q92466,102
Q14684,101
P49116,101
P34741,101
Q9NQS7,101
P04070,101
Q13136,101
P16298,101
P29320,100
P98160,100
Q9Y5V3,100
P17096,100
P46783,100
Q9C0K0,100
P31689,100
P51116,100
O00541,100
P08138,100
Q8WYL5,100
O75056,100
Q9UFF9,100
Q8NEF9,100
Q9P2I0,99
P46459,99
Q8NHZ8,99
P28702,99
P56199,99
Q15349,99
P43146,99
Q9H4P4,99
O95777,99
O15264,99
Q08752,98
Q12815,98
O15145,98
P13598,98
P18847,98
Q8NHY2,98
Q9Y4K4,98
P31431,98
Q8TEW6,98
P61244,98
Q9UQ84,98
P14866,98
Q9Y3A3,98
P30281,97
P51948,97
O95219,97
O00220,97
Q99062,97
Q15393,97
P47813,97
O15350,97
P15313,97
Q9HAF1,97
Q00839,97
Q14596,96
Q15459,96
Q9UMX1,96
P07711,96
P42575,96
Q12972,96
P53618,96
O95997,96
Q15750,96
Q13148,96
Q99963,96
O60907,96
Q9NPB6,96
P23769,96
Q99933,95
P35637,95
P13497,95
Q9UEW8,95
Q16625,95
P63167,95
Q15080,95
P50281,95
P07942,95
Q16611,94
Q86T24,94
Q6MZQ0,94
Q9BXA6,94
Q14500,94
Q8IU60,94
Q99743,94
Q9NV06,94
O75175,94
Q92600,94
P51808,94
Q15545,94
P05423,94
Q13127,93
P35250,93
Q9UQE7,93
Q4G0J3,93
P24666,93
Q9NSC5,93
P35244,93
Q8WVC0,93
P07205,93
P17600,93
P24468,93
Q71UI9,93
Q2NKX8,93
O75525,93
Q92890,93
O94805,92
P78316,92
Q96RU3,92
Q92889,92
Q9NWA0,92
Q7Z434,92
P98082,92
Q96RR4,92
Q13362,92
P25440,92
Q14164,92
P08648,91
P49796,91
P09622,91
Q9Y262,91
O95208,91
Q14739,91
P32856,91
Q9UBE8,91
P52803,91
Q07960,91
P26010,91
P02766,91
Q92823,91
Q9Y2R9,90
P21802,90
Q9NZA1,90
Q8NFH4,90
Q99986,90
P04114,90
Q92930,90
Q8IUC6,90
Q9Y624,90
Q13085,89
Q15573,89
O14656,89
Q9HCN4,89
P20749,89
Q9C0D5,89
P01042,89
P18850,89
Q14980,89
P02511,89
O75530,89
P48444,88
P10244,88
P53621,88
Q8NG31,88
P38606,88
Q9H4B4,88
Q9ULV8,88
Q02790,87
Q13651,87
O00186,87
Q12769,87
Q7L523,87
Q13753,87
Q8IZW8,87
Q9H160,87
Q15836,87
Q9BRP4,87
P49427,87
Q9Y210,87
P12644,87
O75030,87
Q99814,87
O75379,86
P15260,86
Q8WXE1,86
P30279,86
Q16621,86
Q14432,86
Q9UM47,86
Q15075,86
Q9UKG1,85
P17301,85
P07225,85
Q9UPX8,85
P04053,85
O15498,85
P05455,85
Q8IVT5,85
Q13247,85
P22314,84
P61962,84
Q15717,84
O75970,84
Q9UKS7,84
Q9NUW8,84
Q15121,84
Q9Y4R8,84
P60520,84
P42285,84
Q9NUX5,84
Q8TAA9,83
P25705,83
Q9NRX1,83
Q9H8Y8,83
P01008,83
P61158,83
Q13426,83
O43463,83
P54198,83
Q9HCK5,82
Q14765,82
P52798,82
Q9Y6K1,82
Q15628,82
Q9NX24,82
Q16629,82
Q86U70,82
Q9BY11,82
Q03405,82
P18433,82
Q15173,82
Q9UQ13,82
O75676,82
Q8NFD5,82
Q14738,82
Q13045,82
Q96NW7,82
Q15650,81
O14828,81
Q96EY5,81
P30556,81
Q9Y2K6,81
Q15532,81
Q08722,81
Q92995,81
Q07864,81
O75146,81
P61026,81
Q14680,80
O95149,80
O43678,80
P67870,80
P23921,80
P61266,80
Q9UII2,80
Q9NR09,80
P07339,80
Q9NPC6,79
Q8WXF1,79
Q8TD16,79
Q7L804,79
Q9UPN9,79
Q07866,79
O15287,79
Q96CS3,79
Q9NS91,79
Q03188,79
Q9UDY8,79
P11362,79
Q969S3,78
Q9UBC3,78
Q9Y6D5,78
O95819,78
P17081,78
Q93050,78
P51159,78
Q96RP9,78
O94992,78
Q96D46,78
P05997,78
P61019,78
Q9HB96,78
P26232,78
A5YKK6,78
O95831,78
Q9H0R8,77
Q16600,77
Q9Y678,77
O75554,77
Q9Y333,77
Q9BVI4,77
Q9NPD3,77
P09497,77
O15197,77
Q16514,77
O43921,77
P12259,77
Q9Y2Z0,77
Q16513,76
Q9HAP6,76
Q9P104,76
O43719,76
P23945,76
P09012,76
O43914,76
Q96D71,76
P15036,76
P20338,76
Q01968,76
Q6XZF7,76
Q6P2C8,76
Q8NFH8,76
Q96G01,76
Q9Y5K8,76
Q96F86,76
O60936,76
Q9Y2K2,76
Q9NY46,76
Q8N488,76
Q9Y4G6,75
Q9NXR7,75
Q9HAV7,75
Q92993,75
Q9H6S3,75
P48995,75
P01266,75
P18846,75
Q9P0W2,75
Q16537,75
Q9ULK5,74
O15297,74
P18085,74
Q92985,74
P35080,74
P49069,74
P30679,74
Q03113,74
P62937,74
P18146,73
Q8TE68,73
Q15003,73
P10145,73
Q5VTR2,73
Q9NS56,73
Q9BZJ0,73
Q9H4A3,73
P11940,73
Q9NR46,73
O75618,73
Q9Y4B6,73
O00203,73
P42773,73
P21854,73
Q9H4Z2,73
Q8IYT8,73
Q8IWV1,73
P18054,73
O94782,73
Q9Y2X0,72
Q9UNF0,72
Q92925,72
Q9NSA3,72
P68104,72
P14316,72
Q9H3D4,72
Q14344,72
Q9Y2J2,72
P14672,72
P21810,72
P61326,72
Q9UK45,71
P00918,71
Q96PU5,71
P37235,71
Q9UQB3,71
Q9UKS6,71
P62310,71
P54762,71
P57678,71
Q13625,71
Q9H5V8,71
Q12851,71
Q92598,71
P15173,71
Q04724,71
Q14114,71
P08246,71
P49917,71
P06733,70
Q15572,70
Q13868,70
Q9NV56,70
Q86VP1,70
O00512,70
Q5XG87,70
Q9NZL3,70
P30419,70
P35612,70
Q8WWY3,70
P24043,70
Q13467,70
Q15438,70
Q15185,70
P48048,70
P26951,70
P21283,70
P57059,70
Q9NZN8,70
Q9UHC6,70
Q9Y371,70
P11137,70
Q8WYK2,70
Q92844,70
P02671,70
P20929,70
Q92833,70
O75528,69
P15170,69
P30101,69
Q9BW61,69
Q7Z460,69
Q9NPF5,69
Q9BPZ3,69
P43487,69
Q9UQM7,69
Q9BUQ8,69
Q6VMQ6,69
Q06481,69
Q9Y3B7,68
Q9Y6X8,68
P38435,68
P55316,68
Q13451,68
Q7Z589,68
P42702,68
O75159,68
Q8TDY2,68
Q9Y232,68
P53671,68
P04234,68
Q9HAU4,68
Q5SW96,67
O14576,67
Q9Y2W1,67
Q8WYP3,67
Q9BY67,67
Q93034,67
Q9BSC4,67
Q92686,66
Q5JTC6,66
P10589,66
O95373,66
Q9HC98,66
P20908,66
P12107,66
P35613,66
P34947,66
P78357,66
P61421,66
Q8WUF5,66
Q15542,66
Q15833,66
Q96EV8,65
O75496,65
P22670,65
P36543,65
O60869,65
P52566,65
P49918,65
P15151,65
Q96EI5,65
P61764,65
P40937,65
P04275,65
Q13216,65
O60664,65
P35555,65
P36542,65
P17677,65
P11836,64
Q9Y6D9,64
O14944,64
Q969R2,64
Q9GZT9,64
P00403,64
Q8IZT6,64
O95359,64
Q9BV40,64
Q9Y4D1,64
Q7Z6J0,64
Q5T2W1,64
Q8WXD5,64
O00268,64
P20336,63
O15514,63
Q99650,63
Q8TDM6,63
P08473,63
Q96IZ0,63
Q16288,63
P28347,63
Q9NY61,63
Q9Y6X3,63
Q9NZL4,63
Q9NQX3,63
P35916,63
Q13972,63
P34810,63
Q969G9,63
Q02246,63
P35249,62
Q9UMZ2,62
Q15021,62
P52952,62
Q96RK4,62
O95817,62
Q06546,62
P18754,62
O43156,62
Q15653,62
O60641,62
Q14140,62
O00168,62
P31785,62
P30273,62
O95433,62
Q9UI08,62
Q92841,61
P56817,61
Q9H3F6,61
Q00526,61
P61081,61
P19634,61
Q7Z6Z7,61
O95429,61
O00238,61
Q13829,61
Q86WV1,61
P35900,61
Q9H1D9,61
Q9Y221,61
Q9BSJ2,61
Q96S94,61
Q68CZ6,61
Q96L91,61
P55197,60
Q13634,60
Q9NZJ0,60
Q53H47,60
Q15369,60
Q9BT25,60
Q13823,60
P61201,60
Q15019,60
P01024,60
Q13112,60
P30530,60
P20701,60
O60684,60
Q9UJW0,60
Q9BYD3,60
Q05048,60
Q9NVI1,60
Q9BV73,60
Q96FF9,60
Q9H0D6,60
O75689,60
O43432,59
Q6ZVD8,59
Q16236,59
P22459,59
Q9Y2P8,59
P00488,59
Q5VYK3,59
P00740,59
Q9UJY1,59
P15090,59
Q9BZI7,59
Q9C004,59
P39656,59
Q01484,59
P62304,59
Q9BY84,59
Q969S9,59
Q14691,59
P58549,59
P40926,59
Q9UI95,59
Q9UL18,58
Q9NPJ6,58
P63098,58
Q9BPU6,58
Q9C0C2,58
Q969U6,58
Q16587,58
Q8WXE9,58
O95816,58
Q92620,58
Q86YM7,58
Q99576,58
P40855,58
Q9ULX3,58
O94921,58
Q96S44,58
P25940,58
Q9UK53,58
Q6ZNE5,57
Q53T94,57
P78362,57
Q96IF1,57
P55287,57
P13056,57
P21462,57
Q9BTE3,57
Q96EY1,57
Q9NVW2,57
P61163,57
Q96IY1,57
O00213,57
P10914,57
O75061,57
P14543,57
Q12860,57
Q92542,57
Q16787,57
Q05086,57
Q9H9Y6,57
P35754,56
Q07869,56
P12544,56
Q9HBG4,56
Q12802,56
P43320,56
P15918,56
Q7Z3T8,56
P07858,56
P56279,56
O43293,56
Q9HCK8,56
Q8TEQ6,56
Q68EM7,56
Q16825,56
P55085,55
Q04725,55
P55199,55
O60671,55
P41212,55
Q8NHM5,55
P09486,55
Q9H4A6,55
Q14254,55
Q8IZD4,55
Q8TE67,55
Q9UNE2,55
Q8IUQ4,55
O43609,55
Q99640,55
Q5TCQ9,55
P07101,55
O95232,55
P50749,55
Q02952,54
Q5MNZ9,54
Q9Y4Y9,54
Q9BUN8,54
Q7Z4H7,54
Q9Y5X3,54
Q16566,54
P29692,54
Q15334,54
Q9NV92,54
P59780,54
Q13882,54
Q99966,54
O00194,54
Q9NVU7,54
Q02556,54
Q9H4M9,53
O95835,53
P25116,53
Q9Y6K9,53
P05154,53
Q9UKV5,53
Q9UIQ6,53
Q969Q1,53
Q8TAA3,53
Q01826,53
P35573,53
O75390,53
Q9Y248,53
P36894,53
O14933,53
Q96A05,53
P09603,53
Q9Y3B2,52
Q02763,52
P55957,52
O43255,52
P01127,52
Q562F6,52
Q92945,52
Q9H422,52
Q9P0U4,52
P41143,52
Q5VWX1,52
Q9BW27,52
Q9UKN8,52
Q9HB71,52
Q8N9I0,52
Q96BD5,52
Q01201,52
Q4V328,52
Q9Y5Q8,52
O95613,52
Q9BXB5,51
O95405,51
P01160,51
Q9Y5Q9,51
P15408,51
Q8NI35,51
O00221,51
P42127,51
Q8WXI2,51
Q96KB5,51
Q6P1X5,51
Q16658,51
Q08378,51
Q93062,51
Q12904,51
Q9BZ71,51
Q8IZV2,51
Q9NZQ3,51
Q9BTK6,51
Q8TAI7,51
Q9H9T3,51
Q6ZVM7,51
P48047,51
Q9UHP3,51
O15020,51
P50607,51
O95886,51
P10826,51
Q06418,51
O96020,50
Q7Z7C8,50
Q9H1Y0,50
Q15853,50
Q9H900,50
Q9BUB5,50
Q9NX09,50
O15164,50
P62491,50
P29376,50
Q99828,50
Q96N67,50
Q9NT62,50
P04843,50
Q9Y3D6,50
O75446,50
Q9H8T0,50
Q99075,49
Q9Y487,49
P22303,49
Q9NQZ3,49
P00374,49
Q86YN6,49
Q9NQL2,49
Q6P3W7,49
O60921,49
P26447,49
P29966,49
O95810,49
P23634,49
Q9Y6N6,49
Q13422,49
Q92772,49
Q8IY92,49
Q8NEY4,49
Q9UD71,49
Q92633,49
Q8TE77,49
O14672,49
P41236,49
Q96J92,48
Q96S96,48
Q8WZ19,48
Q15024,48
Q06265,48
Q9UM54,48
O15056,48
Q9NQT4,48
Q9NRX2,48
Q9BZS1,48
P52435,48
P25101,48
Q969H4,48
P56539,48
Q8WX92,48
P41208,48
P52797,48
P08034,48
Q14186,48
P21741,48
P20273,48
Q9HC77,48
Q8N668,48
Q9H6Z9,48
P06731,48
Q96SR6,48
O43541,48
O95409,48
Q9H0E2,48
Q14721,48
Q8TDR0,48
P25791,47
Q9P287,47
O75081,47
Q9BQA1,47
O76041,47
Q13043,47
O00562,47
Q15404,47
Q96MT3,47
Q8N5D0,47
Q16850,47
Q8NCF5,47
Q5VWQ8,47
Q86UU0,47
O14556,47
Q9BWH6,47
P25208,47
Q9BXJ9,47
Q8NFZ5,47
P51452,47
P08574,47
Q86UP2,47
P12272,47
Q68DV7,47
Q9H3P7,47
O76064,47
P11441,47
P49848,47
Q9HB90,47
Q06413,47
Q15742,47
Q9H3R5,47
Q9UKT4,47
Q15672,47
P14780,47
P18859,47
Q9H9A5,47
P02787,47
Q9HBZ2,47
O15144,47
P01189,46
O43257,46
P82094,46
Q92664,46
Q8TF74,46
P51151,46
P98155,46
Q9NVK5,46
Q96TC7,46
P20645,46
Q8N556,46
Q9H015,46
Q9UHC3,46
Q70E73,46
O00629,46
P30049,46
Q09013,46
Q96JB5,46
Q15018,46
P51170,46
P41227,46
Q96QT4,46
O77932,46
O95718,46
Q9H6Q3,46
O95622,46
P31150,46
Q9UEF7,46
Q04727,46
P62312,46
Q9NTG7,46
Q13291,45
Q9NWZ3,45
Q9BTX1,45
P04264,45
Q92621,45
Q969F2,45
P05121,45
Q99250,45
P08571,45
Q86XL3,45
Q9UBF9,45
Q9Y266,45
Q9UL62,45
Q9BQI3,45
Q02363,45
O15083,45
O75460,45
Q96T60,45
Q15649,45
P19878,45
Q9H074,45
Q13243,44
Q99523,44
O43474,44
Q8WV16,44
Q8TBC4,44
Q9NZI8,44
O43424,44
Q04771,44
Q96FJ0,44
P78324,44
P51959,44
P27448,44
Q02410,44
O60941,44
Q9H7C4,44
Q99570,44
Q6ZN18,44
Q14151,44
Q13698,44
P46063,44
P41220,44
Q9UNN5,44
O75934,44
O75381,44
O60494,44
Q5JY77,44
O43283,44
P54829,44
P05161,44
P49795,44
Q6PGQ7,43
Q9NTJ5,43
P03951,43
P09326,43
P78543,43
P16083,43
P46100,43
P23284,43
Q9H0E9,43
Q38SD2,43
P49915,43
Q6ZUM4,43
Q99607,43
P07954,43
P32245,43
Q8IXW5,43
P35625,43
Q9UBN4,43
Q96AP0,43
Q969S8,43
Q15906,43
O60675,43
Q8IWZ6,43
P53365,43
Q5TCZ1,42
Q15054,42
Q9Y4J8,42
Q9H9G7,42
Q9UBP6,42
P11309,42
Q9NX70,42
Q13574,42
Q9Y6H5,42
Q9BXC9,42
Q7Z698,42
Q9UQB9,42
Q9NX20,42
Q8NHG7,42
P08567,42
P18827,42
O43159,42
Q9BWT7,42
Q13635,42
P01031,42
Q9C0K7,42
P51828,42
O14787,42
Q9BZR8,42
Q9UND3,42
Q93008,42
O75444,42
Q7Z6E9,42
O60238,42
Q9BR76,41
Q9UP38,41
Q8TDZ2,41
P07738,41
Q9BYW2,41
P36957,41
P02760,41
P13929,41
Q9NP98,41
Q14527,41
O00257,41
O75052,41
Q14332,41
O00482,41
O75529,41
Q9UGP5,41
Q9P0L0,41
Q9HCP0,40
Q76LX8,40
Q15800,40
Q03701,40
P09001,40
O75947,40
O14662,40
P03956,40
O00555,40
O00212,40
Q8NER1,40
P15529,40
Q13542,40
P53539,40
Q96BD8,40
Q9UKY1,40
P49711,40
Q13087,40
O15116,40
P15374,40
P61966,40
Q99801,40
Q9H9Q4,40
Q15427,40
Q8TEK3,40
Q13610,39
Q9Y281,39
P04141,39
Q9UBZ9,39
Q9BWN1,39
Q9HC52,39
A6NGB9,39
Q8IVH8,39
P49755,39
O95049,39
O00463,39
Q9NRF2,39
Q12905,39
Q9NP97,39
Q9HCU9,39
Q9NYV4,38
P24534,38
Q9NVX0,38
P13807,38
O15315,38
O75478,38
P16112,38
P13501,38
Q9H6D7,38
Q14669,38
Q8N1W1,38
Q8NBH2,38
Q9Y5L0,38
Q9NSE2,38
Q9BXY0,38
Q03431,38
Q9H1J1,38
Q7M4L6,38
P23142,38
Q9P258,38
Q9HCN6,38
P35346,38
O43513,38
P02462,37
P24522,37
Q02548,37
Q8IY67,37
P15407,37
Q08050,37
O75815,37
Q9Y3M2,37
P21583,37
P51809,37
O14508,37
O15318,37
Q86Z02,37
P25815,37
Q9H4B6,37
Q92968,37
O75807,37
O00165,37
Q9UI47,37
Q9NRI5,37
Q8IX07,37
P14735,37
P02489,37
Q9H0C5,37
Q8IY31,37
Q9HCC0,37
Q6GPH4,37
Q15223,36
Q8TF71,36
Q9UPR3,36
Q96JH7,36
P61803,36
O75197,36
Q92730,36
Q16644,36
Q9NWT6,36
P00738,36
Q9P2W9,36
Q16520,36
Q9H5J8,36
Q04637,36
O60573,36
P01584,36
Q9BX70,36
Q8IZJ1,36
O43602,36
O15061,36
O95832,36
Q14831,36
P01023,36
Q9P2Y5,36
Q96RU8,36
P53041,36
Q9UPY8,36
O14490,36
P48436,36
Q96SL8,36
Q14C86,36
O95081,36
P82912,36
P09936,36
O14979,36
P57058,36
P58753,35
Q9NSY1,35
Q8N264,35
Q9NYQ7,35
P52594,35
Q5VVH5,35
Q92834,35
Q96FA3,35
Q8WTR2,35
Q14134,35
Q12934,35
P51168,35
Q9BV36,35
A6NIX2,35
P49716,35
Q96BS2,35
Q16740,35
Q13936,35
P48509,35
Q9H9S0,35
P43897,35
O43395,35
Q96A35,35
P61289,35
Q9BZG8,35
Q96GG9,35
O75629,35
Q15392,35
P10071,35
Q9BRQ0,35
Q6UWZ7,35
Q53EZ4,35
Q15813,35
Q9BXM0,34
Q03181,34
P51636,34
Q96PE3,34
Q13332,34
P12109,34
O43745,34
P31260,34
P31930,34
Q13794,34
P61626,34
O15397,34
Q9UL25,34
Q96FZ7,34
Q9Y478,34
Q58WW2,34
O43187,34
Q13459,34
Q13115,34
Q9Y5Q3,34
Q14789,34
Q13155,34
Q9HCU4,34
O43396,34
Q9NYQ6,34
P02675,34
Q8WUA4,34
Q6P582,34
O60343,34
Q9H1D0,34
Q8WUX9,34
O75385,34
Q13705,34
Q8IXK0,34
Q13488,33
Q9H6Z4,33
P61086,33
Q13474,33
Q7Z5G4,33
P48454,33
O60331,33
P30793,33
Q9Y4C8,33
P78504,33
O95239,33
Q13702,33
Q86UP0,33
P16455,33
P08172,33
P08100,33
Q16891,33
Q9P2D0,33
P08151,33
Q9BUI4,33
O95486,33
Q9Y2I1,33
P55157,33
O75844,33
Q96CG3,33
Q13751,33
Q58EX7,33
P12755,33
Q8IVF5,33
O75312,33
P31270,33
O95297,33
O43889,33
Q6WBX8,33
P05114,33
Q15370,33
Q9BW71,32
O15525,32
Q14696,32
O75154,32
Q6ZW49,32
Q16143,32
Q8TEL6,32
Q6P2E9,32
Q9BSI4,32
P14210,32
P58335,32
Q9Y5J3,32
P47985,32
Q9GZV5,32
Q6Q0C0,32
Q8N2H9,32
Q4KMG0,32
Q9NVZ3,32
Q0JRZ9,32
Q9NXE8,32
P54840,32
Q6PJP8,32
Q92585,32
O14836,32
Q674X7,32
Q99952,32
P25025,32
P28324,32
Q9BWX5,32
P28908,32
Q5RKV6,32
Q9H334,32
Q8IW19,32
Q9Y243,31
Q9NWT1,31
O75602,31
Q9H2K8,31
P28223,31
Q01959,31
P50591,31
P78552,31
Q96AE4,31
Q96SW2,31
Q70CQ1,31
P30411,31
Q9H2G4,31
P51553,31
P09914,31
Q9P2E2,31
P04818,31
Q01970,31
Q14697,31
P09564,31
Q9UDT6,31
Q8TAQ5,31
P16860,31
Q9UNK0,31
Q99615,31
O75150,31
O43633,31
Q9UQQ2,31
Q9BZL4,31
Q8N1V2,31
P07951,31
P09488,31
Q6NZI2,31
Q9UHK0,30
Q9Y3D3,30
P29322,30
Q86YC2,30
P14324,30
Q9H8E8,30
P15559,30
Q9UBC0,30
Q15465,30
O00762,30
Q13319,30
Q13217,30
Q13772,30
P04839,30
Q9Y2I6,30
P08174,30
P55895,30
P02788,30
Q13761,30
P48201,30
Q13888,30
Q13367,30
P04198,30
P04062,30
Q9H9E3,30
P19429,30
Q6P5Z2,30
P49335,30
P00450,30
Q5VWK5,30
Q8NA03,30
P47736,30
Q8ND90,30
Q9Y219,30
Q53T59,30
Q15569,30
P62633,30
P11161,30
O95453,30
P03952,30
P51843,30
Q9UBF8,30
Q9Y570,30
Q8NEY8,30
P05023,30
Q9NZN5,30
P28069,30
Q9BYM8,30
P55042,30
O75084,30
P20337,30
P16471,30
Q9Y572,30
P21953,30
O75323,30
Q9H840,29
P28562,29
Q14517,29
O00571,29
Q12983,29
O60880,29
Q16659,29
P07919,29
Q13258,29
Q9Y6N7,29
P04233,29
P09234,29
O14832,29
P11150,29
P14778,29
Q6ZRS2,29
O00468,29
P29965,29
P28906,29
Q96PU4,29
Q9BVW5,29
P33552,29
O75366,29
Q15543,29
O75888,29
Q9NVX2,29
Q9NNX6,29
Q5U623,29
P25800,29
P00846,29
Q99697,29
O15446,29
O14649,29
P06858,29
O00548,29
Q9NPI1,28
P53611,28
Q12996,28
Q6P597,28
Q9UKX5,28
Q8NET5,28
P29400,28
P50748,28
P40305,28
Q9C0H9,28
P06870,28
Q92797,28
Q13951,28
P19086,28
Q7Z7K2,28
Q00597,28
O95249,28
Q9H4L4,28
P01574,28
P10515,28
Q06495,28
P01375,28
Q9UBF6,28
Q14194,28
P07359,28
Q6ZNA4,28
P35368,28
P55263,28
Q9BQQ3,28
Q01113,28
Q8WTV0,28
P61020,28
P10144,28
P30203,28
P07384,28
Q8IZE3,28
O75122,28
Q9GZX7,27
Q15046,27
Q9BZL1,27
Q8WXI9,27
Q92888,27
P14416,27
Q9C0J9,27
O15503,27
Q6YP21,27
P48549,27
P41231,27
P52815,27
P55001,27
Q13371,27
Q9BX69,27
Q96D31,27
O43290,27
Q9H9Y2,27
Q8TDH9,27
Q8NHU6,27
P56589,27
Q14562,27
O60610,27
Q16828,27
P15309,27
P38484,27
P60033,27
O00330,27
Q13724,27
P56704,27
P53805,27
P10606,27
Q969L4,27
Q8TDC0,27
Q8IZL8,27
Q9BSV6,27
Q99417,27
P49802,27
Q09666,27
P56377,27
O14607,27
Q02383,27
P21817,27
Q9UGP8,27
Q9H2C0,27
Q9UI12,27
O95365,27
Q8WXG6,27
Q96QS3,27
P15813,26
P13667,26
P55201,26
P09601,26
P24386,26
Q15768,26
Q96P48,26
Q6UB99,26
Q12816,26
P61371,26
P52657,26
Q92667,26
Q86UX7,26
O94888,26
O00458,26
Q14832,26
P41597,26
P29274,26
P59768,26
Q7Z699,26
Q99729,26
P54619,26
O15084,26
Q05195,26
Q9H2G9,26
P40238,26
P13725,26
Q96CJ1,26
Q96A54,26
Q9ULZ2,26
Q5VT06,26
Q96AC1,26
P09104,26
Q5THK1,26
Q9H2S9,26
Q14847,26
P46977,26
Q96GY3,25
P01019,25
Q9P2E5,25
Q93052,25
Q8IZ52,25
P09471,25
Q99665,25
Q13769,25
Q9Y6X1,25
P53602,25
Q5T6F0,25
Q99961,25
Q9UIV1,25
Q9H3H9,25
O75347,25
Q5BKT4,25
Q9UHV9,25
O75563,25
Q9HBW0,25
Q71F56,25
O60296,25
Q5XPI4,25
Q6P1M3,25
Q01995,25
Q9HD47,25
P08311,25
Q9C005,25
Q96KQ4,25
Q96SU4,25
Q149N8,25
Q9C0C7,25
Q14781,25
P80098,25
O43739,25
Q8TCJ2,25
Q9ULB4,25
P13987,25
Q8N4X5,25
Q9UGU0,25
Q9C035,25
O00505,25
O15234,25
Q76KD6,25
P20151,25
O60828,25
P28288,25
Q53EL6,25
P53004,25
Q96QU8,25
Q9UKV3,25
P35462,25
Q9Y5Y5,25
Q68CP9,25
Q969F1,25
Q5T230,24
Q9Y3L3,24
P11926,24
Q63HR2,24
P27037,24
P08603,24
P57105,24
Q96JB2,24
Q5VYV7,24
P08709,24
Q9UKT5,24
Q6UUV7,24
P27105,24
Q71F23,24
Q15762,24
O14558,24
P60983,24
P48443,24
P35318,24
O14813,24
P20674,24
Q9GZL7,24
Q7Z5R6,24
Q99956,24
Q8TC59,24
Q8N114,24
Q66K89,24
P47900,24
O43852,24
Q92696,24
P60981,24
Q92843,24
P57087,24
O95631,24
P17544,24
Q5TKA1,24
Q9H6X2,24
P29279,24
Q96NY8,24
P07477,24
Q5QP82,24
P62072,24
O94887,24
P15018,24
Q86W92,24
Q9NQS3,24
P24390,24
Q96CA5,24
P01138,24
O14795,24
P49662,24
Q14249,24
Q8N8Y2,24
Q9NVP1,24
Q13370,24
O95259,24
P01034,24
Q86WB0,24
P20916,24
O75558,24
Q9NP59,24
Q15475,24
O14682,24
Q96J94,24
Q13424,24
Q9UKA4,24
Q9UMQ3,24
Q13507,24
O15457,24
Q96PZ0,23
Q7L0J3,23
P02749,23
Q9NYZ3,23
Q86UE4,23
Q12841,23
Q3V6T2,23
P13498,23
Q7Z3E1,23
Q9H3M7,23
Q9Y6E7,23
P43307,23
Q9H488,23
P04279,23
Q9H0E7,23
Q96C24,23
Q5TC12,23
Q9H4I2,23
Q14318,23
P41145,23
O00623,23
P01350,23
Q9NR55,23
P06454,23
Q15170,23
Q92990,23
Q8NHS0,23
P40616,23
P13500,23
Q92499,23
P12235,23
P28799,23
Q9Y672,23
P09669,23
P48735,23
P08235,23
P05305,23
O43837,23
O43323,23
P08588,23
P18075,23
O00628,23
Q71U36,23
P08637,23
P28161,23
Q8TAX7,23
Q5VT25,23
Q9HBI1,23
Q969V6,23
Q9NQ69,23
Q16819,22
P55011,22
Q9GZU7,22
Q9NVU0,22
Q16720,22
Q9NR12,22
Q9UH73,22
Q9NW38,22
Q52LW3,22
Q96IV0,22
P39086,22
Q8NB91,22
P20020,22
Q99442,22
Q9BST9,22
P05546,22
P36941,22
P49798,22
O14788,22
O75593,22
Q8N1L9,22
Q9NRM7,22
Q9UNI6,22
P01009,22
Q5T1C6,22
Q5QJE6,22
O00763,22
P10619,22
Q8N5H7,22
Q9NPY3,22
P80188,22
Q9BYD1,22
Q86V86,22
Q76I76,22
Q6PI26,22
O43422,22
P27487,22
Q9NS28,22
O00192,22
P62324,22
Q9UKK6,22
Q12866,22
O43447,22
P22735,22
P61587,22
Q9Y376,22
O43493,22
Q7Z7G1,22
O95837,22
Q8N5V2,22
P41091,22
Q53GL0,22
P52597,22
Q16849,21
P41162,21
P01040,21
Q99829,21
Q01955,21
Q7LDG7,21
Q9P2W1,21
O14793,21
Q9Y6Q5,21
Q16760,21
P10070,21
Q9HD43,21
P46013,21
O14514,21
O94955,21
Q13201,21
Q2Y0W8,21
P35575,21
O95382,21
P07237,21
Q15072,21
P48742,21
P02765,21
Q9Y2Q5,21
Q9NNX1,21
P29375,21
Q5SXM2,21
Q99733,21
Q9BQC3,21
Q9NSD9,21
Q15327,21
Q6QNY0,21
Q9Y6J9,21
P13631,21
Q16363,21
Q13242,21
Q9UMF0,21
Q92611,21
P17813,21
P45974,21
P40222,21
P01833,21
P07741,21
Q8IW93,21
O75351,21
P17655,21
P62166,21
Q9UJ41,21
Q9Y3A5,21
O60285,21
Q5MJ70,21
Q12955,21
O95863,21
P14314,21
Q86YS3,21
Q9NQA5,21
Q9UHA3,21
Q8TEX9,20
P05496,20
O15085,20
P52757,20
Q9BXM7,20
Q96BY2,20
P20809,20
Q9UNN4,20
Q92752,20
P30874,20
Q92630,20
O95243,20
Q14141,20
Q96JC9,20
Q8WYQ5,20
Q8WU39,20
Q16666,20
Q9NS73,20
Q9NYU1,20
Q9BXS0,20
Q99848,20
Q93100,20
P01185,20
P55160,20
Q8WTS1,20
Q6QNY1,20
Q9BTM1,20
Q9UJW3,20
Q13239,20
Q9P2A4,20
Q96FX7,20
Q8IWU2,20
P26374,20
Q9BYC9,20
Q99653,20
O15354,20
P02746,20
Q9Y261,20
Q99426,20
Q96L34,20
Q9Y616,20
Q9H981,20
Q09019,20
P09917,20
P05109,20
Q8N9B5,20
Q9UHB7,20
Q13425,20
Q15485,20
Q9Y483,20
P30405,20
Q5VTB9,20
Q86VB7,20
Q9H1H9,20
Q9BZW7,20
Q96SN8,19
Q9Y5K1,19
P08254,19
Q9H267,19
P49354,19
O95571,19
O75509,19
Q16795,19
Q13568,19
P07358,19
P12271,19
P07204,19
Q9UPS6,19
Q13323,19
Q9ULR5,19
Q9UM82,19
Q658P3,19
P17752,19
Q155Q3,19
P32241,19
O95218,19
Q99836,19
O60678,19
P05062,19
P42081,19
Q09428,19
Q9Y222,19
P05204,19
P55265,19
Q16533,19
P68366,19
Q9NPC3,19
P53708,19
Q96K83,19
P00480,19
P33241,19
P50548,19
P78368,19
P22692,19
Q9Y3Y4,19
O43665,19
P08572,19
Q15744,19
Q9Y2D9,19
P36888,19
Q9ULH7,19
O14617,19
Q8N4C8,19
Q8N2Z9,19
Q9H165,19
Q8NCE0,19
P08962,19
Q68DA7,19
Q9H6S1,19
O75912,19
Q96HZ4,18
P40197,18
Q96KG7,18
P16870,18
Q9Y4P1,18
O14981,18
P10588,18
O00308,18
O94972,18
P53985,18
P30566,18
P05120,18
P50461,18
P02652,18
Q9UL26,18
Q9Y6B7,18
Q9NV58,18
P18564,18
O43566,18
Q9H4D5,18
Q9Y496,18
Q16385,18
O95487,18
O14559,18
P01303,18
Q9NX47,18
P04216,18
P18509,18
Q4VCS5,18
P48051,18
Q99578,18
O00273,18
O14907,18
Q02985,18
P00167,18
Q86VN1,18
Q7Z4G1,18
O14513,18
Q9H2P9,18
P42685,18
Q9NWF9,18
Q8IZU3,18
Q86US8,18
Q8IZJ4,18
Q03001,18
Q96PC3,18
P19801,18
P55084,18
P50747,18
Q9Y463,18
Q9Y608,18
Q96CV9,18
P21781,18
Q9NUU7,18
Q96EK4,18
Q12968,18
Q6NZY4,18
P05156,18
P30990,18
Q92530,18
O95931,18
P0C1Z6,18
Q9NQX5,18
O43525,17
Q86XI2,17
Q13232,17
Q16633,17
Q9UBT6,17
Q96MH2,17
Q86VE0,17
Q6UWB1,17
P26012,17
Q9HB19,17
Q9UDW1,17
P40617,17
O43679,17
Q16690,17
O14957,17
O95343,17
Q6Y7W6,17
P32243,17
O60662,17
O75420,17
O60762,17
Q9NXV2,17
Q6PFW1,17
Q5MIZ7,17
Q9GZS3,17
O60502,17
P56705,17
Q00722,17
Q8IUX4,17
Q93063,17
Q5JRA6,17
P09683,17
Q9Y5Z4,17
Q9NRY6,17
Q99684,17
Q9NPE3,17
Q9UPW6,17
Q86Y01,17
Q9Y279,17
Q14671,17
Q96P09,17
Q9Y3F4,17
P56282,17
P53420,17
P81877,17
Q05066,17
Q32MZ4,17
P31629,17
Q9Y2R2,17
P10646,17
O00743,17
P07357,17
P12757,17
A7MCY6,17
Q9NX52,17
Q9UGI9,17
P60903,17
O15273,17
P52306,17
Q8N1F8,16
P01033,16
P00751,16
Q9H7Z7,16
Q16348,16
O75251,16
Q9NZU7,16
O15265,16
Q6DJT9,16
O15554,16
Q86U42,16
P20591,16
P54821,16
P41229,16
Q9NZR2,16
Q86Y07,16
Q08117,16
O43854,16
P20309,16
Q86UW9,16
Q96IT1,16
P48681,16
O75145,16
P09237,16
Q15819,16
O96018,16
P78318,16
Q7Z6J9,16
Q9Y6W6,16
Q9UKA8,16
Q00537,16
O95352,16
P35452,16
O76003,16
Q9NPH3,16
Q9NWS0,16
P16452,16
Q6VN20,16
P30926,16
Q9NPC8,16
P23582,16
P29803,16
O00585,16
Q15306,16
Q8N138,16
Q5TA89,16
O00151,16
P31268,16
O00244,16
P01732,16
Q96HY6,16
O43313,16
Q14512,15
Q8TCG1,15
O43439,15
Q53FA7,15
P52943,15
Q13867,15
Q14558,15
P49770,15
Q9H477,15
Q8IWT3,15
P41221,15
Q8IV61,15
Q6IN85,15
P63252,15
Q9Y3A2,15
Q99614,15
Q9Y2H0,15
P26441,15
P43026,15
Q13586,15
Q9Y2Y9,15
Q13496,15
Q2M2I8,15
Q13562,15
Q9Y399,15
O60725,15
P22001,15
Q9Y698,15
P41594,15
Q9H6T3,15
Q9BZR6,15
Q96FX2,15
Q14689,15
Q96GM8,15
P08247,15
Q01638,15
Q9BY41,15
O75306,15
Q92837,15
Q14623,15
Q969K4,15
O94759,15
P05813,15
Q96E17,15
Q8NEM7,15
Q9H814,15
O60479,15
P07437,15
Q86UR1,15
P51003,15
Q9BS16,15
Q00169,15
Q00577,15
Q9P1T7,15
P43699,15
Q7Z3Z3,15
P37023,15
Q7L7X3,15
O60741,15
P43119,15
Q9NZ08,15
Q9HB21,15
Q02040,15
Q9HAW0,15
O75969,15
Q14206,15
O15127,15
P98066,15
Q92692,14
O60383,14
P11597,14
P09211,14
P51671,14
Q9HBM0,14
Q02218,14
Q9Y6M0,14
P33681,14
O95704,14
Q96BI3,14
Q8N448,14
Q9P2B2,14
O95696,14
Q9H2G2,14
Q96AX1,14
Q86YP4,14
Q9UQN3,14
Q13571,14
Q9NP62,14
Q16352,14
Q86WC4,14
O75971,14
Q15835,14
P29622,14
Q16586,14
P01579,14
P55285,14
Q8NDV7,14
Q6PIL6,14
P27352,14
Q13509,14
Q16548,14
P07093,14
Q14722,14
O43915,14
Q9NZT1,14
P17735,14
Q9H257,14
Q9Y696,14
Q96SB8,14
P61457,14
Q13287,14
Q0VDF9,14
Q96DT6,14
Q14004,14
Q9P2M7,14
P50458,14
P03973,14
P07902,14
Q712K3,14
P10600,14
Q8WV41,14
Q9Y5C1,14
Q9ULX9,14
Q16553,14
O94874,14
P08183,14
O43765,14
Q9H228,14
P09871,14
P06307,14
Q9NYM9,14
Q99714,14
Q9UPM8,14
P53814,14
O94985,14
Q9Y6H8,14
Q15293,14
Q9BVS4,14
O60565,14
Q7RTV0,14
P50895,14
Q8TD08,14
P05000,14
O95267,14
O15146,14
O43581,14
O15427,14
P38405,13
P04035,13
Q9UBK9,13
P30039,13
O60268,13
P15382,13
P23919,13
O95551,13
O14949,13
Q96T51,13
Q9Y3V2,13
O14796,13
P17643,13
Q14416,13
Q93096,13
P30043,13
Q9NRR4,13
P12821,13
Q03014,13
Q8WWW8,13
Q9ULD0,13
Q13643,13
P27918,13
Q03167,13
Q9NRW7,13
Q9BXR6,13
Q96KP1,13
Q9BVC3,13
Q9UHY8,13
Q8WXD2,13
P02748,13
O95716,13
P19404,13
O75935,13
O14593,13
Q8WVK2,13
Q02223,13
Q14028,13
P53990,13
P14091,13
Q08462,13
Q92974,13
Q15583,13
Q14108,13
Q96JN0,13
Q9ULZ3,13
P55017,13
O95475,13
Q9BSL1,13
P0DML2,13
Q9BQ15,13
Q9Y6N8,13
P13236,13
P43354,13
Q6ZWJ1,13
Q9P0N9,13
P32745,13
O76071,13
Q9UNA1,13
Q8IZL2,13
P01275,13
Q7KZF4,13
P63215,13
Q9Y337,13
Q9P2T0,13
Q96KJ9,13
Q9UHB6,13
Q13098,13
Q9UK73,13
O75578,13
Q9UJC3,13
P50479,13
Q86YF9,13
Q13368,13
P14854,13
Q16650,13
Q86Y13,13
Q8N3K9,12
Q14919,12
P60468,12
P21266,12
P48637,12
Q8N143,12
P48507,12
Q9H9S4,12
Q96MW5,12
Q9P2E9,12
P55273,12
Q9BWV1,12
Q68CJ9,12
O15381,12
Q5JR59,12
Q9NSB8,12
P49257,12
P21918,12
Q9UII4,12
P35716,12
Q6PKX4,12
Q9UGI0,12
Q676U5,12
Q9Y5P4,12
Q16581,12
Q96NL6,12
O43791,12
P78356,12
Q6ZMQ8,12
P28360,12
Q5VVJ2,12
O15155,12
Q99727,12
Q8NEZ5,12
Q96Q89,12
Q86WV6,12
P55058,12
Q5T5U3,12
Q92887,12
Q12947,12
Q15560,12
Q9UL45,12
Q9P1Y5,12
Q9H2X3,12
P53609,12
Q99747,12
Q6PUV4,12
P05141,12
P05231,12
P30041,12
Q5T4S7,12
Q8NG08,12
O14493,12
Q8WWA0,12
O15198,12
Q96RK0,12
Q9UJS0,12
Q7Z417,12
Q9C0I1,12
Q9Y587,12
Q6I9Y2,12
P80075,12
P47902,12
O15304,12
Q92685,12
O76070,12
Q9Y287,12
P14138,12
Q9NTK5,12
Q96G27,12
Q12982,12
Q6ZMZ0,12
O00167,12
P35052,12
O15123,12
Q92673,12
P09017,12
P56693,11
Q9ULV3,11
P08697,11
Q06323,11
Q13608,11
O00622,11
P30542,11
Q9Y5Z0,11
Q96B01,11
P08729,11
Q9Y6C5,11
O95841,11
Q14183,11
Q9Y5X5,11
Q96LC9,11
Q9H9C1,11
Q9NR33,11
Q9BVK2,11
Q13219,11
P31025,11
Q8NG66,11
Q8N5M1,11
P21912,11
Q8N720,11
Q9BXT4,11
Q9Y264,11
Q05707,11
Q8NFZ4,11
Q15726,11
Q8N2Q7,11
P51811,11
P14868,11
P29374,11
Q9BRG1,11
Q9UBU3,11
Q13887,11
Q5JSZ5,11
Q9NQY0,11
Q9Y3P9,11
Q9NYG5,11
Q8TDW5,11
Q8NES3,11
Q8N3C0,11
Q8IWJ2,11
P01374,11
O60706,11
Q96QH2,11
P48544,11
Q9NQS1,11
Q8IYW5,11
Q9BZL6,11
Q5JQC9,11
Q5MAI5,11
Q9Y5Y6,11
Q6IA17,11
Q9ULD4,11
O43681,11
Q6ZYL4,11
P47870,11
Q9UBM7,11
Q53H96,11
P01282,11
O00217,11
Q9UHC7,11
O95147,11
O94989,11
Q86UW6,11
Q8NCW5,11
Q8IU81,11
Q70J99,11
Q9P212,11
P08651,11
O43295,11
Q15842,11
Q9BT49,11
Q86TJ2,11
Q8NFX7,11
O00634,11
Q30201,11
P02794,11
Q7L0Q8,11
Q9NUQ3,11
Q8NER5,10
Q12809,10
Q8WW12,10
Q8WYN0,10
Q92643,10
Q14184,10
Q9NZV8,10
Q9HAT0,10
P02818,10
P08913,10
P20800,10
O75362,10
A4D2P6,10
Q9NR81,10
Q96E14,10
Q9BXS5,10
Q9C0A0,10
Q92733,10
P24593,10
P02745,10
Q7RTS1,10
Q86SS6,10
O95155,10
P57735,10
Q16663,10
O15066,10
P28335,10
Q15070,10
O14531,10
Q15669,10
P32302,10
P40939,10
Q6UWE0,10
Q96N16,10
P09493,10
Q96HE7,10
Q96FC9,10
Q96FI4,10
Q96DX5,10
P28907,10
Q9HBE1,10
Q9H9E1,10
Q13621,10
O14625,10
Q92624,10
Q8WVN6,10
P09529,10
O75155,10
Q8WW38,10
P12111,10
Q14213,10
Q16589,10
Q96GD3,10
Q08828,10
Q9BT88,10
Q9Y5P6,10
Q8TB72,10
Q9BWC9,10
Q13349,10
P43121,10
P31997,10
Q9BTW9,10
P55773,10
Q8WW01,10
Q9BRT9,10
Q9Y6Y8,10
P04004,10
Q92828,10
Q13361,10
P49593,10
Q13797,10
Q9P1W9,10
O95185,10
O75173,10
Q16799,10
P36404,10
O14929,9
P53367,9
O75695,9
Q8IUC4,9
Q8TCX5,9
Q8NC96,9
O76031,9
P36405,9
Q8NCG5,9
Q9P107,9
P08559,9
O60890,9
P39877,9
Q12774,9
Q7L2E3,9
P02730,9
Q9NPA3,9
Q13227,9
O43847,9
O14519,9
P26367,9
Q9H147,9
P16035,9
P15515,9
Q9Y285,9
P23975,9
P48067,9
Q01668,9
Q9Y3C4,9
Q96BH1,9
Q9NSC2,9
P54136,9
Q5JS13,9
O94979,9
Q9UBZ4,9
O15228,9
O14653,9
Q96JJ3,9
Q96M94,9
Q92556,9
Q9UGK8,9
O60831,9
Q99466,9
P51571,9
P43378,9
Q08257,9
O95498,9
Q9H611,9
O76081,9
Q92876,9
Q92561,9
Q14654,9
Q8IXK2,9
Q16082,9
Q8NFG4,9
Q9UPP1,9
Q9Y4X4,9
Q7Z3B3,9
Q7Z6J2,9
Q9BUF7,9
P48634,9
Q9Y5Y9,9
Q9HBE5,9
Q96RR1,9
Q15057,9
Q86X95,9
Q15723,9
O43813,9
O76083,9
Q9Y5L4,9
Q9UPQ7,9
Q9NY99,9
Q92805,9
O75845,9
P35247,9
O94907,9
Q8IWL1,9
P49767,9
P14652,9
Q53G59,9
P52756,9
Q9UL03,9
Q5EG05,9
Q9NWW5,9
Q8N6I1,9
Q6GTX8,9
P50416,9
P02743,9
Q9UKJ1,9
Q9GZV4,9
P04003,9
Q8N6C8,9
Q13286,9
Q8WV22,9
Q96LC7,9
Q96HY7,9
P01591,9
Q5HYK7,9
Q8WUP2,9
P05155,9
Q8N6T3,9
Q96RE7,9
Q8WV92,9
Q6UX06,9
Q92956,9
Q9Y2V7,9
Q00536,9
O95171,9
P35556,9
Q9UM07,9
P20138,9
P41159,9
P25105,9
Q9Y272,9
Q15056,9
O14810,9
Q9UL54,9
Q9H0H0,8
P07148,8
Q96PL1,8
Q96QR1,8
Q96IY4,8
Q5XUX0,8
Q5HYA8,8
P20265,8
Q13261,8
Q9BYV9,8
O43614,8
Q96RT8,8
Q9UKT7,8
P00736,8
Q13253,8
O95977,8
Q9Y6X0,8
Q9NZJ6,8
Q16630,8
Q9Y2D1,8
P10997,8
P41595,8
Q14833,8
O14925,8
P02792,8
P12110,8
Q96EP0,8
P78509,8
O43448,8
Q969N2,8
Q15027,8
P25092,8
P20594,8
P13726,8
Q8WTW3,8
Q9NWB7,8
P22888,8
P20941,8
Q9HBI0,8
O95471,8
P37275,8
Q5T7V8,8
P57796,8
Q9P0P0,8
Q9BQG0,8
Q9NP87,8
Q9Y4B5,8
Q96A47,8
Q96LD8,8
Q76N89,8
Q6S5L8,8
Q9NY27,8
Q7L014,8
Q16671,8
P20962,8
Q9Y275,8
O60266,8
Q7Z7A3,8
P15882,8
O76062,8
P15259,8
P29275,8
Q96T58,8
Q9UP83,8
P02808,8
O14879,8
P42681,8
Q8WXA3,8
Q86YB8,8
Q14019,8
Q92859,8
Q86SZ2,8
Q15013,8
Q9ULK0,8
O95196,8
P23276,8
Q99571,8
Q86VS8,8
Q96ED9,8
O60315,8
Q99616,8
Q96CB8,8
Q13641,8
P23434,8
Q8WU17,8
Q9GZP9,8
O75398,8
Q9UNH7,8
Q9Y5Z7,8
P36575,8
O43278,8
P41970,8
Q9Y613,8
Q9Y215,8
P30531,8
O75962,8
O95292,8
Q14520,8
Q9H5N1,8
Q7L5D6,8
Q9H2B2,8
P80370,8
Q13790,8
Q99543,8
P50052,8
P04080,8
Q9H7P9,8
Q15036,8
Q9HBG7,8
Q96PK6,8
P04628,8
P12319,8
Q8WWL7,8
P21917,8
Q96RN1,8
Q92786,8
O00559,8
O95749,7
Q8TA86,7
Q9BWJ5,7
Q9Y2D4,7
Q9Y256,7
Q03060,7
P80162,7
P09341,7
O75569,7
Q8NCD3,7
Q86XP3,7
Q9BXP5,7
Q7Z6A9,7
O14994,7
P23409,7
Q8NFW9,7
Q9BSQ5,7
P03905,7
O00116,7
Q02641,7
Q9Y3C8,7
Q60I27,7
O14977,7
Q9BTV7,7
Q8IUD2,7
P04180,7
P53567,7
P10124,7
P51884,7
P40933,7
Q6ULP2,7
P01583,7
Q9Y4X5,7
Q15102,7
Q02080,7
P21554,7
P47872,7
P13671,7
Q06547,7
Q15849,7
Q08629,7
Q8N9T8,7
P32239,7
P26718,7
P31151,7
P35590,7
Q8IWT1,7
O43613,7
Q96EB1,7
P78337,7
P21246,7
Q9P2K8,7
Q96F46,7
Q12800,7
Q13093,7
P24311,7
A8K8P3,7
Q8IUK5,7
O95398,7
O95388,7
P12273,7
P23946,7
Q6IQ55,7
Q13113,7
Q9BXL6,7
O43823,7
P20073,7
O00287,7
Q9Y2U8,7
Q9HBF5,7
P09913,7
Q13630,7
P48506,7
P29074,7
Q8N5S9,7
O15391,7
Q96MG7,7
P81133,7
Q9P086,7
P42704,7
P45877,7
Q8N6M0,7
P36952,7
Q15388,7
Q16816,7
Q86TA1,7
O95390,7
Q4G163,7
O15547,7
O14578,7
Q12891,7
Q9H3P2,7
O60687,6
Q9BRQ5,6
P47871,6
Q70SY1,6
Q05682,6
P11279,6
Q9NRL2,6
Q99879,6
Q8N8U9,6
Q9Y5W3,6
Q9UPN4,6
P04921,6
Q86V24,6
P49683,6
Q7Z6B0,6
Q15375,6
Q14011,6
Q9H0N5,6
Q9UBK5,6
Q15131,6
P19623,6
P46199,6
Q9UL51,6
Q99500,6
Q13740,6
Q9HB63,6
Q15048,6
P54845,6
P05112,6
Q96A00,6
P20366,6
Q6TFL4,6
P02776,6
P19835,6
Q7Z412,6
Q14190,6
Q92966,6
Q13137,6
Q9HD36,6
P23786,6
P51685,6
Q9GZU2,6
Q9NUP1,6
P05164,6
Q9BRS2,6
P41586,6
P29373,6
P63211,6
Q8TET4,6
Q9Y6A4,6
O15042,6
P15291,6
Q08188,6
Q9P1W8,6
Q8WZA2,6
Q96I25,6
Q14061,6
Q99972,6
Q9NZ42,6
Q9BZE0,6
Q9HCJ0,6
Q9NYS0,6
Q9NYR9,6
P11182,6
P01270,6
O60220,6
P08684,6
O14545,6
Q8IUH3,6
Q15116,6
P06744,6
P30872,6
Q9H0F7,6
P01215,6
Q9Y6J6,6
P10645,6
O43603,6
P16581,6
P13073,6
P05111,6
O43542,6
Q5VWG9,6
O15258,6
Q6FIF0,6
Q12988,6
Q9BV10,6
Q15904,6
P05089,6
Q9UH99,6
Q9H0C8,6
P00748,6
Q13487,6
Q96B54,6
O43292,6
P32238,6
Q01974,6
P02741,6
P25929,6
O95235,6
Q09470,6
P40225,6
Q5VZ66,6
O95665,6
Q15435,6
P32971,6
P15822,6
Q9UBU2,6
P45452,6
Q9NUC0,6
Q7L3B6,5
P12694,5
P61925,5
Q15785,5
P48449,5
O95833,5
O95299,5
Q9UPY6,5
Q92913,5
P21730,5
Q96L92,5
P09919,5
P98174,5
Q08334,5
Q9Y240,5
Q96EK9,5
Q9HC38,5
Q99541,5
Q8N612,5
Q53GT1,5
O43526,5
Q9UBS8,5
Q08380,5
Q9NY26,5
Q8IUW5,5
Q9NP99,5
P22674,5
Q9Y5R6,5
Q92854,5
Q9UBB9,5
Q9H5Z6,5
O15389,5
O94826,5
Q96A26,5
P04054,5
Q6ZSZ5,5
Q13410,5
Q9Y2Y4,5
O00237,5
P06850,5
Q969M3,5
Q9Y6N9,5
Q8NG27,5
Q16602,5
Q969M7,5
O60896,5
Q9BYD6,5
P29460,5
P54098,5
P56730,5
Q6KC79,5
Q9NVR2,5
P06276,5
P55317,5
O60840,5
Q9UK55,5
O75880,5
Q9H237,5
P20851,5
Q9BQ61,5
P07306,5
Q86W56,5
O00501,5
P21757,5
P07315,5
P50391,5
P42830,5
Q9NQW1,5
Q9NYY3,5
O75937,5
Q8TC29,5
Q15283,5
Q05923,5
P13349,5
P11229,5
O76039,5
P22891,5
Q969R5,5
O14798,5
P29033,5
Q13516,5
P15954,5
Q8NEM2,5
P27930,5
O43933,5
Q96PN6,5
Q02846,5
Q5JR98,5
O15553,5
P06702,5
Q9NQ30,5
P31371,5
P36021,5
Q14258,5
P30520,5
P05181,5
O43612,5
P19105,5
P35243,5
P27169,5
Q9NRG0,5
O60806,5
Q16698,5
P02656,5
Q96RD7,5
P26715,5
Q9UL40,5
Q9H0F6,5
P41002,5
P51787,5
Q8TF05,5
Q06710,5
Q8N6C5,5
Q9ULC4,5
P43681,5
Q96AH0,5
Q96T37,5
P25774,4
O00300,4
Q9GZV1,4
Q9UL46,4
O14772,4
P68871,4
P49682,4
Q16829,4
Q6UX01,4
Q9NQ25,4
Q9GZZ8,4
Q15506,4
P52790,4
Q15761,4
P04808,4
Q13356,4
P35680,4
Q9Y2M5,4
Q7Z7G0,4
Q9UK23,4
P38919,4
Q96PN7,4
P05160,4
Q9ULZ1,4
Q14642,4
Q99633,4
P02771,4
P12018,4
Q3ZCQ8,4
Q12887,4
P78540,4
Q8WY21,4
O14503,4
Q14444,4
P01213,4
O43829,4
Q9BXJ7,4
Q8TE12,4
Q8N302,4
Q9UHI8,4
O94910,4
Q9Y234,4
Q9Y576,4
P10916,4
Q9BTT0,4
Q15147,4
P16066,4
P34981,4
P48728,4
P59046,4
Q96PD4,4
O43147,4
Q12974,4
Q9BU61,4
O43819,4
Q92736,4
Q8TAV4,4
O95376,4
P11488,4
Q6RW13,4
O94941,4
P78381,4
Q96QU1,4
Q495M9,4
P01229,4
Q86TC9,4
Q9UI32,4
P56915,4
Q9UJA5,4
Q9H939,4
Q14106,4
O95905,4
O95070,4
Q86UU9,4
Q8TD23,4
Q9Y4B4,4
O60547,4
Q9BRA2,4
Q99988,4
O95182,4
O14639,4
P14859,4
Q96GW7,4
O96000,4
O75884,4
Q9P296,4
Q92750,4
Q14644,4
Q14201,4
Q99643,4
Q969Z4,4
Q96A44,4
P02747,4
Q96BD6,4
P43220,4
P13385,4
O00625,4
Q96SN7,4
O43502,4
Q96JA3,4
Q9NS68,4
Q9NVM4,4
Q9NWT8,4
Q9UBX5,4
P07360,4
Q92743,4
Q8IWF2,4
O75800,4
P21709,4
O76080,4
P17568,4
Q13639,4
Q8IVM0,4
Q8HWS3,4
Q9Y2T2,4
Q01718,4
P57682,4
Q9NVN3,4
P53801,4
P31994,4
P05090,4
O95140,4
P53634,4
P16422,4
Q14674,4
P31146,4
Q96FE5,4
Q8IXB1,4
Q9NRX4,4
Q8NHQ8,4
P49902,4
Q9GZV9,4
Q9BWT6,4
P08620,4
Q693B1,4
P13945,4
Q9NXB0,4
P29218,4
P09544,4
Q5T447,4
Q96J84,4
O95180,4
Q8TAM2,4
Q96FL9,4
Q15818,4
Q96RI0,4
Q9UIA9,4
O15520,4
Q6ZN44,4
Q9Y6C2,4
Q01954,4
Q6UY14,4
O60732,3
Q9NR80,3
Q9UBT7,3
P50579,3
Q13326,3
P15248,3
Q9BQS6,3
O60759,3
O00631,3
P08779,3
Q9Y574,3
O95256,3
Q9UEW3,3
P06865,3
P31273,3
Q9NQP4,3
P51798,3
P13224,3
Q9Y561,3
O43508,3
P55289,3
Q9UPU9,3
Q9UGM3,3
P35712,3
Q9NPP4,3
Q15059,3
P08F94,3
P03915,3
O00744,3
Q9UQF0,3
Q8TEU8,3
P03886,3
Q9Y467,3
Q9HBH7,3
P17482,3
Q96HF1,3
Q9H1J7,3
Q9UKR5,3
Q13126,3
P30989,3
Q9NYA1,3
P47989,3
Q9H213,3
Q07507,3
Q99935,3
O60884,3
O15239,3
P84243,3
Q9UKT8,3
Q8NDX5,3
Q9P2S2,3
O76093,3
P13489,3
Q9H244,3
P13010,3
Q9NRA8,3
P41146,3
P30085,3
P05113,3
P48788,3
Q8WY64,3
P00709,3
P41226,3
Q9H222,3
P62328,3
Q00587,3
O14613,3
Q9UKI2,3
Q9H3Q1,3
Q13310,3
P00540,3
Q6PI48,3
Q92734,3
Q9BQI9,3
Q8WYA6,3
Q9C086,3
O43251,3
P26885,3
P24310,3
Q6UXH1,3
P28698,3
P10147,3
P11487,3
P10155,3
P14867,3
P12034,3
Q96PY5,3
Q99502,3
A5PLL7,3
P18428,3
Q9UHF1,3
P52907,3
P58004,3
Q99504,3
Q16270,3
P50995,3
P25103,3
Q15011,3
Q96RF0,3
Q9Y3D2,3
O14495,3
P56975,3
P04920,3
Q8N807,3
Q96QV1,3
P62760,3
Q9UHF0,3
Q8IWZ8,3
P17693,3
Q9P2W3,3
O60879,3
Q9Y5S8,3
Q9Y5R8,3
P26842,3
Q9BT67,3
Q02643,3
P49366,3
Q16552,3
Q9NWZ5,3
Q8TDU9,3
Q9GZZ9,3
O43927,3
O95490,3
O15551,3
Q9NQX7,3
Q96JY0,3
Q15645,3
Q92583,3
P61296,3
P04731,3
Q9H461,3
P30559,3
O60218,3
P22607,3
Q96KG9,3
Q15517,3
Q2VPK5,3
P25311,3
P61960,3
Q8NHJ6,3
Q96BN2,3
O60682,3
Q02962,3
Q8N6Y0,3
P15863,3
Q96T76,3
O43768,3
Q9UHD4,3
O43193,3
O75344,3
O43186,3
Q07325,3
Q6VVB1,3
Q8N442,3
Q9UJ68,3
Q9H2E6,3
O75940,3
Q1MX18,3
O14657,2
Q8NFA2,2
P10643,2
Q96H22,2
Q16851,2
Q05469,2
Q99757,2
P03950,2
P32246,2
P29371,2
Q96CK0,2
O75164,2
P32248,2
Q9UGC6,2
P04118,2
Q99750,2
Q8NI51,2
Q9HBX9,2
P36406,2
Q6Q759,2
Q8WV93,2
P54826,2
O15269,2
Q8TCJ0,2
P10082,2
Q99595,2
Q9NP84,2
Q9NRC8,2
P36955,2
Q9GZN1,2
P02763,2
Q96NZ8,2
O75818,2
Q9Y3D7,2
P78358,2
P21728,2
P01225,2
A6NKQ9,2
Q9Y2Z9,2
Q6NT52,2
P16233,2
Q08116,2
Q8N0X2,2
P27816,2
Q13477,2
P0DP23,2
Q6AZZ1,2
O95238,2
Q5VUA4,2
P43364,2
Q9NYW8,2
Q03403,2
Q9Y2B0,2
Q9Y644,2
Q8WVM0,2
P04183,2
Q09161,2
Q9Y5R2,2
P48039,2
Q9UBY5,2
Q99807,2
Q9Y250,2
Q9UKU0,2
Q16595,2
Q9P1A6,2
Q6H3X3,2
Q96P20,2
P31937,2
Q8IZJ0,2
Q96CC6,2
P47928,2
P29120,2
P08294,2
Q08397,2
P02585,2
P60891,2
Q99592,2
Q9H772,2
Q9NZQ7,2
O60894,2
P15907,2
Q9BXP8,2
O43307,2
P48167,2
Q5JR12,2
Q92526,2
P04439,2
Q9H5X1,2
Q9Y3D0,2
Q9GZX6,2
Q86VW2,2
Q04837,2
O60240,2
O60229,2
O60704,2
Q96T83,2
O60507,2
Q15652,2
Q3SYG4,2
P07686,2
Q9BU89,2
O94768,2
O00144,2
Q10586,2
P49190,2
P68106,2
Q9UMR7,2
O95197,2
P55103,2
Q92629,2
P47901,2
Q8TBZ6,2
Q719I0,2
P30740,2
Q9Y2Y0,2
Q01469,2
P04090,2
P30518,2
P37288,2
Q86U90,2
P80217,2
P60866,2
Q9NSA0,2
Q9H490,2
Q8TAE8,2
P24071,2
Q8IUM7,2
Q13241,2
Q29983,2
Q63HK5,2
P55347,2
O95150,2
Q8NG41,2
Q9BS26,2
Q86UP6,2
P63279,2
P11230,2
Q16515,2
Q99755,2
Q12805,2
Q8TDY4,2
Q15631,2
P14678,2
O96008,2
P02775,2
P49639,2
Q92806,2
O95396,2
O95096,2
P12314,2
O15245,2
P02708,2
P56177,2
O60925,2
O95972,2
Q9UPA5,2
O60353,2
O95169,2
Q2M1K9,2
Q9UBP5,2
Q5VV63,2
O43674,2
Q8WVK7,2
P51970,2
P01178,2
O75915,2
O43181,2
Q96L50,2
Q6Y2X3,2
Q9BXL8,2
Q9H293,2
P23396,2
O75380,2
P51512,2
Q14257,2
O43676,2
Q13506,2
Q9H3M0,2
Q9UL17,2
P43235,2
O75916,2
Q9UI09,2
P56181,2
Q12836,2
P50452,2
Q14376,1
Q9NRM6,1
Q9NRQ2,1
Q07011,1
P08833,1
Q14626,1
Q9Y4K0,1
Q9H808,1
Q9H4E5,1
Q13454,1
Q9NWW6,1
Q9H0U3,1
P56556,1
O00483,1
P62857,1
P27658,1
P00995,1
P17509,1
Q96BN8,1
P11310,1
Q96KN1,1
Q8WWN9,1
Q92793,1
Q969K3,1
P61024,1
Q13522,1
O75663,1
Q8TB96,1
P15814,1
Q96EQ8,1
O60683,1
P48050,1
P23515,1
Q9BRX9,1
P08133,1
Q9NX14,1
Q9NZN1,1
P09668,1
Q03933,1
O95298,1
Q13049,1
P03971,1
O75031,1
O43920,1
Q96LD1,1
Q9NQR1,1
Q9Y2D8,1
Q96KN7,1
Q9BW04,1
P83916,1
P41273,1
Q14916,1
O95859,1
Q96S37,1
P10620,1
Q9ULW5,1
Q92896,1
Q92674,1
P49006,1
O95407,1
P12980,1
P29508,1
Q16559,1
O75508,1
Q9H467,1
Q13886,1
Q96KP6,1
P57081,1
Q96MN2,1
Q9BRP8,1
Q9NRC1,1
P63244,1
Q16695,1
Q8NHG8,1
P21452,1
P98073,1
P22003,1
Q5TBB1,1
P68133,1
Q00059,1
O95980,1
Q684P5,1
Q9Y6N1,1
Q9UBC9,1
Q8TDP1,1
O94983,1
Q14031,1
Q8NHY5,1
O60237,1
Q96A70,1
Q8TBR7,1
Q00604,1
O60469,1
Q99593,1
P50222,1
Q9H765,1
Q16585,1
O14817,1
P07998,1
Q99584,1
P10153,1
Q8IU54,1
Q9BR39,1
A8MTJ3,1
P22612,1
Q9Y230,1
P25067,1
O60911,1
P19957,1
Q5T0T0,1
Q6PJE2,1
Q96SZ6,1
Q9Y4A8,1
P32242,1
Q8N6F1,1
Q9UNQ0,1
P10109,1
Q13585,1
Q9Y3E7,1
P00387,1
Q8WTW4,1
Q86UU5,1
Q9H221,1
P11684,1
Q9UJ14,1
Q9HAJ7,1
Q13023,1
Q9GZZ1,1
Q9BYV6,1
O75817,1
Q9BT22,1
P49642,1
Q92781,1
Q9P032,1
P01222,1
P32297,1
P30532,1
Q15822,1
Q12864,1
Q15052,1
Q12980,1
Q92905,1
P22059,1
Q9Y5J7,1
Q9UNS2,1
P17900,1
P54284,1
Q86XR5,1
Q9UBN6,1
P28222,1
P26678,1
P27216,1
Q8TDQ1,1
Q9UNA0,1
Q9H3R2,1
Q9BXX0,1
O43189,1
O15496,1
Q16873,1
O43734,1
P49643,1
P10767,1
P30047,1
O95838,1
P02778,1
O00626,1
Q6X4U4,1
Q9BYV2,1
P34998,1
P62942,1
O95633,1
Q7Z5Y6,1
Q9H211,1
O60635,1
Q9NYX4,1
Q9NWU1,1
P28221,1
O95760,1
P61328,1
Q9Y2Z2,1
Q96IM9,1
Q8N6P7,1
O95677,1
Q8NF50,1
Q15526,1
Q15848,1
Q96FS4,1
Q9Y692,1
P33032,1
Q96G30,1
Q15722,1
P61769,1
Q7RTU7,1
P56597,1
P13164,1
Q86YR5,1
P56703,1
Q9NVR0,1
O95178,1
Q15398,1
Q02086,1
O14958,1
O00755,1
P15927,1
P20396,1
Q6SA08,1
P31274,1
O95168,1
Q8IU57,1
O94812,1
Q96KN3,1
