Region ID,Source of PTM,Gene,UniProtKB Accession,Isoform ID,Isoform Type,Residue,PTM Position in Isoform,Modification Class,Canonical Flanking Sequence,Inclusion Flanking Sequence,Exclusion Flanking Sequence,Region,Translation Success,dPSI,Significance,Stop Codon Introduced,Event Type,PSP:ON_PROCESS,PSP:ON_PROT_INTERACT,PSP:ON_OTHER_INTERACT,PSP:ON_FUNCTION,PSP:Kinase,PSP:Disease_Association,ELM:Interactions,ELM:Location of PTM for Interaction,ELM:Motifs Associated with Interactions,ELM:Motif Matches,PTMInt:Interaction,PTMcode:Interprotein_Interactions,DEPOD:Phosphatase,RegPhos:Kinase,PTMsigDB:KINASE-iKiP,PTMsigDB:PATH-BI,PTMsigDB:PATH-NP,PTMsigDB:PATH-WP,PTMsigDB:PERT-P100-DIA,PTMsigDB:PERT-P100-DIA2,PTMsigDB:PERT-P100-PRM,PTMsigDB:PERT-PSP,Combined:Interactions,Combined:Kinase
SE_1,Q68EM7-2_S497,ARHGAP17,Q68EM7,Q68EM7-2,Alternative,S,497,Phosphorylation,VMEGDLVKKEsPPKPKDPVSA,LVKKEsFGVKL,LVKKEsPPKPK,Second,True,0.413,0.0,False,SE,,,,,,,,,,LIG_SH3_1;LIG_SH3_3;MOD_SUMO_for_1,,Q9BY11_T329;Q9BY11_T184;Q9BY11_T358;Q9BY11_S348;Q9BY11_S349;Q9BY11_S430;Q9BY11_S365;Q9BY11_S346;Q9BY11_S361;Q9BY11_T312;Q9BY11_Y350;Q9BY11_K178;Q9BY11_S263;Q9BY11_S405;Q9BY11_K151;P63000_K202;P63000_T186;P27986_T152;P27986_S460;P27986_T585;P27986_Y452;P27986_T576;P27986_T454;P27986_T471;P27986_S652;P27986_T148;P27986_T490;P27986_K530;P27986_Y508;P27986_Y607;P27986_S608;P27986_S83;P27986_S154;O14745_S77;O14745_T95,,,,,,,,,,,NHERF1->INDUCES;PACSIN1->INDUCES;PIK3R1->INDUCES;RAC1->INDUCES,
SE_1,Q68EM7-1_S497,ARHGAP17,Q68EM7,Q68EM7-1,Canonical,S,497,Phosphorylation,VMEGDLVKKEsFGVKLMDFQA,LVKKEsFGVKL,LVKKEsPPKPK,Second,True,0.413,0.0,False,SE,,,,,,,,,,LIG_SH3_1;LIG_SH3_3;MOD_SUMO_for_1,,Q9BY11_T329;Q9BY11_T184;Q9BY11_T358;Q9BY11_S348;Q9BY11_S349;Q9BY11_S430;Q9BY11_S365;Q9BY11_S346;Q9BY11_S361;Q9BY11_T312;Q9BY11_Y350;Q9BY11_K178;Q9BY11_S263;Q9BY11_S405;Q9BY11_K151;P63000_K202;P63000_T186;P27986_T152;P27986_S460;P27986_T585;P27986_Y452;P27986_T576;P27986_T454;P27986_T471;P27986_S652;P27986_T148;P27986_T490;P27986_K530;P27986_Y508;P27986_Y607;P27986_S608;P27986_S83;P27986_S154;O14745_S77;O14745_T95,,,,,,,,,,,NHERF1->INDUCES;PACSIN1->INDUCES;PIK3R1->INDUCES;RAC1->INDUCES,
SE_3,P01116-2_T148;P01116-1_T148,KRAS,P01116,P01116-1,Canonical,T,148,Phosphorylation,GIPFIETSAKtRQRVEDAFYT,ETSAKtRQRVE,ETSAKtRQGVD,Second,True,-0.068,0.0,False,SE,,,,,,,,,,DEG_Nend_Nbox_1;MOD_GlcNHglycan;TRG_ER_diArg_1,,,,,,,,,,,,,,
SE_3,P01116-2_K147;P01116-1_K147,KRAS,P01116,P01116-1,Canonical,K,147,Acetylation,YGIPFIETSAkTRQRVEDAFY,IETSAkTRQRV,IETSAkTRQGV,Second,True,-0.068,0.0,False,SE,,,,,,,,,,MOD_CK1_1;MOD_GlcNHglycan;MOD_GSK3_1;TRG_ER_diArg_1,,,,,,,,,,,,,PIK3CG->DISRUPTS;RAF1->DISRUPTS;RALGDS->DISRUPTS;RASA1->DISRUPTS,
SE_3,P01116-2_K147;P01116-1_K147,KRAS,P01116,P01116-1,Canonical,K,147,Ubiquitination,YGIPFIETSAkTRQRVEDAFY,IETSAkTRQRV,IETSAkTRQGV,Second,True,-0.068,0.0,False,SE,,RAF1(DISRUPTS); RASA1(DISRUPTS); RALGDS(DISRUPTS); PIK3CG(DISRUPTS),,"molecular association, regulation; enzymatic activity, induced",,,,,,MOD_CK1_1;MOD_GlcNHglycan;MOD_GSK3_1;TRG_ER_diArg_1,,,,,,,,,,,,,PIK3CG->DISRUPTS;RAF1->DISRUPTS;RALGDS->DISRUPTS;RASA1->DISRUPTS,
SE_8,Q9UPQ0-1_S746,LIMCH1,Q9UPQ0,Q9UPQ0-1,Canonical,S,746,Phosphorylation,ANQLHLPNLNsQVDSPSSEKS,LPNLNsQESPG,LPNLNsQVDSP,First,True,-0.163,0.0,False,SE,,,,,,,,,,DEG_Nend_Nbox_1;DOC_WW_Pin1_4;LIG_SH3_3,,,,,,,,,,,,,,
SE_8,Q9UPQ0-1_S750;Q9UPQ0-10_S750;Q9UPQ0-6_S596,LIMCH1,Q9UPQ0,Q9UPQ0-1,Canonical,S,750,Phosphorylation,HLPNLNSQVDsPSSEKSPVMT,SQSVDsPSSEK,NSQVDsPSSEK,Second,True,-0.163,0.0,False,SE,,,,,,,,,,DEG_Nend_UBRbox_3;LIG_SH3_3;MOD_GSK3_1;MOD_PIKK_1,,,,,,,,,,,,,,
SE_11,P62847-1_K129,RPS24,P62847,P62847-1,Alternative,K,129,Ubiquitination,GTAKANVGAGkKPKE      ,NVGAGkKQ*AG,NVGAGkKPKE*,First,True,-0.21,0.0,True,SE,,,,,,,,,,DEG_Nend_UBRbox_1;TRG_ER_diLys_1,,,,,,,,,,,,,,
SE_11,P62847-1_K130,RPS24,P62847,P62847-1,Alternative,K,130,Acetylation,TAKANVGAGKkPKE       ,VGAGKkQ*AGD,VGAGKkPKE*R,First,True,-0.21,0.0,True,SE,,,,,,,,,,LIG_BIR_II_1,,,,,,,,,,,,,,
SE_11,P62847-1_K132,RPS24,P62847,P62847-1,Alternative,K,132,Acetylation,KANVGAGKKPkE         ,IGSQPkE*RCC,AGKKPkE*RCC,Second,True,-0.21,0.0,True,SE,,,,,,,,,,MOD_Cter_Amidation,,,,,,,,,,,,,,
SE_13,O60763-1_S483,USO1,O60763,O60763-1,Canonical,S,483,Phosphorylation,SLLQQCTNILsQGSKIQTRVG,CTNILsQGDKI,CTNILsQGSKI,First,True,-0.535,0.0,False,SE,,,,,,,,,,DEG_CRBN_cyclicCter_1;DEG_Nend_UBRbox_3;LIG_FHA_1,,,,,,,,,,,,,,
SE_13,O60763-1_S486,USO1,O60763,O60763-1,Canonical,S,486,Phosphorylation,QQCTNILSQGsKIQTRVGLLM,IDRRGsKIQTR,ILSQGsKIQTR,Second,True,-0.535,0.0,False,SE,,,,,,,,,,LIG_PDZ_Class_1;MOD_PIKK_1,,,,,,,,,,,,,,
SE_14,Q13444-11_K465;Q13444-12_K769;Q13444-2_K759;Q13444-5_K759,ADAM15,Q13444,Q13444-11,Alternative,K,465,Ubiquitination,PQRALLARGTkSQGPAKPPPP,LARGTkQASAL,LARGTkSQGPA,First,True,-0.09,0.0,False,SE,,,,,,,,,,LIG_BIR_II_1;MOD_PIKK_1;MOD_PKA_2,,,,,,,,,,,,,,
SE_15,Q13444-11_K465;Q13444-12_K769;Q13444-2_K759;Q13444-5_K759,ADAM15,Q13444,Q13444-11,Alternative,K,465,Ubiquitination,PQRALLARGTkSQGPAKPPPP,LARGTkAELAD,LARGTkSQGPA,First,True,-0.148,0.0,False,SE,,,,,,,,,,LIG_BIR_II_1;MOD_PIKK_1;MOD_PKA_2,,,,,,,,,,,,,,
SE_16,Q13444-11_K465;Q13444-12_K769;Q13444-2_K759;Q13444-5_K759,ADAM15,Q13444,Q13444-11,Alternative,K,465,Ubiquitination,PQRALLARGTkSQGPAKPPPP,LARGTkASALS,LARGTkSQGPA,First,True,-0.087,0.0,False,SE,,,,,,,,,,LIG_BIR_II_1;MOD_PIKK_1;MOD_PKA_2,,,,,,,,,,,,,,
SE_19,Q8IVM0-1_Y146,CCDC50,Q8IVM0,Q8IVM0-1,Canonical,Y,146,Phosphorylation,ATRAYADSYYyEDGGMKPRVM,ADSYYyEDGDQ,ADSYYyEDGGM,First,True,-0.513,0.0,False,SE,,EGFR(INDUCES),,"molecular association, regulation",,,,,,LIG_BIR_II_1;LIG_BIR_III_3;LIG_SH2_SRC;LIG_SH2_STAP1;MOD_Plk_4,EGFR->Enhance,,,,JAK3->u,,,,,,,,EGFR->INDUCES,
SE_19,Q8IVM0-1_K152,CCDC50,Q8IVM0,Q8IVM0-1,Canonical,K,152,Ubiquitination,DSYYYEDGGMkPRVMKEAVST,HDAGMkPRVMK,EDGGMkPRVMK,Second,True,-0.513,0.0,False,SE,,,,,,,,,,CLV_PCSK_SKI1_1;DEG_Nend_Nbox_1;LIG_SH2_SRC;LIG_WD40_WDR5_VDV_2,,,,,,,,,,,,,,
SE_22,O43795-1_T793,MYO1B,O43795,O43795-1,Canonical,T,793,Phosphorylation,VTTIAAYWHGtQARRELRRLK,AYWHGtQARRE,AYWHGtQVRRE,First,True,0.471,0.0,False,SE,,,,,,,,,,CLV_NRD_NRD_1;CLV_PCSK_KEX2_1;DEG_Nend_Nbox_1,,,,,,,,,,,,,,
SE_23,O43795-1_T793,MYO1B,O43795,O43795-1,Canonical,T,793,Phosphorylation,VTTIAAYWHGtQARRELRRLK,AYWHGtQARRE,AYWHGtQVRRE,First,True,0.43,0.0,False,SE,,,,,,,,,,CLV_NRD_NRD_1;CLV_PCSK_KEX2_1;DEG_Nend_Nbox_1,,,,,,,,,,,,,,
SE_25,P16070-1_T222,CD44,P16070,P16070-1,Canonical,T,222,Phosphorylation,ITDSTDRIPAtTLMSTSATAT,DRIPAtNRNDV,DRIPAtRDQDT,First,True,-0.539,0.0,False,SE,,,,,,,,,,LIG_BIR_II_1;MOD_GSK3_1;MOD_Plk_4,,P09038_R96;P09038_R108;P09038_R98;P09038_R110;P09038_R112;P09038_R82;P09038_R84;P09038_R86;P09038_T65;P09038_T254;P01730_K453;P01730_C419;P01730_T70;P01730_S67;P01730_N325;P04637_H115;P04637_S378;P04637_K101;P04637_Y327;P04637_S9;P04637_K321;P04637_K321;P04637_K321;P04637_K357;P04637_T312;P04637_K351;P04637_K372;P04637_K372;P04637_K372;P04637_K372;P04637_K292;P04637_K292;P04637_T377;P00533_T648;P00533_N578;P00533_N175;P00533_C311;P00533_T1046;P00533_T1085;P00533_N568;P00533_C470;P00533_N196;P00533_C190;P00533_C291;P00533_T1191;P00533_T1078;P00533_C329;P00533_S174;P00533_N528;P00533_S1162;P00533_T1145;P04233_C44;P04233_K170;P04233_K80;P04626_S1235;P04626_S1078;P04626_S1051;P04626_S1050;P04626_S1054;P04626_S1214;P04626_S1151;P04626_S1113;P04626_S1134;P04626_S653;P04626_S1107;P04626_S998;P04626_S1122;P04626_S728;P04626_S1083;P04626_S1002;P04626_S703;P04626_S1007;Q13009_T992;Q13009_Y141;Q13009_Y1414;Q13009_Y1323;Q13009_K1397;Q13009_Y135;Q13009_Y152;Q13009_S1020;Q13009_Y829;P11171_S200;P03956_L102;P06239_T35;P06239_Y25;P06239_T50;P06239_S158;P15311_T576;P15311_T425;P15311_Y205;P15311_Y201;P15311_Y128;P15311_S539;P15311_T214;P15311_T533;P15311_Y191;P15311_T567;Q15303_N174;Q15303_M993;P35240_Y207;P35240_Y221;P35240_Y144;P35240_Y217;P12931_Y439;P12931_Y530;P12931_Y187;P12931_Y329;P12931_C501;P12931_K62;P12931_Y419;P12931_Y139;P12931_Y134;P12931_Y522;P12931_Y216;P26038_K391;P08575_Y926;P08575_S456;P08575_Y689;P08575_Y544,,,,,,,,,,,CD4->INDUCES;CD74->INDUCES;EGFR->INDUCES;EPB41->INDUCES;ERBB2->INDUCES;ERBB4->INDUCES;EZR->INDUCES;FGF2->INDUCES;LCK->INDUCES;MMP1->INDUCES;MSN->INDUCES;NF2->INDUCES;PTPRC->INDUCES;SRC->INDUCES;TIAM1->INDUCES;TP53->INDUCES,
SE_26,P16070-1_T222,CD44,P16070,P16070-1,Canonical,T,222,Phosphorylation,ITDSTDRIPAtTLMSTSATAT,DRIPAtSTSSN,DRIPAtRDQDT,First,True,-0.68,0.0,False,SE,,,,,,,,,,LIG_BIR_II_1;MOD_GSK3_1;MOD_Plk_4,,P09038_R96;P09038_R108;P09038_R98;P09038_R110;P09038_R112;P09038_R82;P09038_R84;P09038_R86;P09038_T65;P09038_T254;P01730_K453;P01730_C419;P01730_T70;P01730_S67;P01730_N325;P04637_H115;P04637_S378;P04637_K101;P04637_Y327;P04637_S9;P04637_K321;P04637_K321;P04637_K321;P04637_K357;P04637_T312;P04637_K351;P04637_K372;P04637_K372;P04637_K372;P04637_K372;P04637_K292;P04637_K292;P04637_T377;P00533_T648;P00533_N578;P00533_N175;P00533_C311;P00533_T1046;P00533_T1085;P00533_N568;P00533_C470;P00533_N196;P00533_C190;P00533_C291;P00533_T1191;P00533_T1078;P00533_C329;P00533_S174;P00533_N528;P00533_S1162;P00533_T1145;P04233_C44;P04233_K170;P04233_K80;P04626_S1235;P04626_S1078;P04626_S1051;P04626_S1050;P04626_S1054;P04626_S1214;P04626_S1151;P04626_S1113;P04626_S1134;P04626_S653;P04626_S1107;P04626_S998;P04626_S1122;P04626_S728;P04626_S1083;P04626_S1002;P04626_S703;P04626_S1007;Q13009_T992;Q13009_Y141;Q13009_Y1414;Q13009_Y1323;Q13009_K1397;Q13009_Y135;Q13009_Y152;Q13009_S1020;Q13009_Y829;P11171_S200;P03956_L102;P06239_T35;P06239_Y25;P06239_T50;P06239_S158;P15311_T576;P15311_T425;P15311_Y205;P15311_Y201;P15311_Y128;P15311_S539;P15311_T214;P15311_T533;P15311_Y191;P15311_T567;Q15303_N174;Q15303_M993;P35240_Y207;P35240_Y221;P35240_Y144;P35240_Y217;P12931_Y439;P12931_Y530;P12931_Y187;P12931_Y329;P12931_C501;P12931_K62;P12931_Y419;P12931_Y139;P12931_Y134;P12931_Y522;P12931_Y216;P26038_K391;P08575_Y926;P08575_S456;P08575_Y689;P08575_Y544,,,,,,,,,,,CD4->INDUCES;CD74->INDUCES;EGFR->INDUCES;EPB41->INDUCES;ERBB2->INDUCES;ERBB4->INDUCES;EZR->INDUCES;FGF2->INDUCES;LCK->INDUCES;MMP1->INDUCES;MSN->INDUCES;NF2->INDUCES;PTPRC->INDUCES;SRC->INDUCES;TIAM1->INDUCES;TP53->INDUCES,
SE_27,P16070-1_T222,CD44,P16070,P16070-1,Canonical,T,222,Phosphorylation,ITDSTDRIPAtTLMSTSATAT,DRIPAtNMDSS,DRIPAtRDQDT,First,True,-0.544,0.0,False,SE,,,,,,,,,,LIG_BIR_II_1;MOD_GSK3_1;MOD_Plk_4,,P09038_R96;P09038_R108;P09038_R98;P09038_R110;P09038_R112;P09038_R82;P09038_R84;P09038_R86;P09038_T65;P09038_T254;P01730_K453;P01730_C419;P01730_T70;P01730_S67;P01730_N325;P04637_H115;P04637_S378;P04637_K101;P04637_Y327;P04637_S9;P04637_K321;P04637_K321;P04637_K321;P04637_K357;P04637_T312;P04637_K351;P04637_K372;P04637_K372;P04637_K372;P04637_K372;P04637_K292;P04637_K292;P04637_T377;P00533_T648;P00533_N578;P00533_N175;P00533_C311;P00533_T1046;P00533_T1085;P00533_N568;P00533_C470;P00533_N196;P00533_C190;P00533_C291;P00533_T1191;P00533_T1078;P00533_C329;P00533_S174;P00533_N528;P00533_S1162;P00533_T1145;P04233_C44;P04233_K170;P04233_K80;P04626_S1235;P04626_S1078;P04626_S1051;P04626_S1050;P04626_S1054;P04626_S1214;P04626_S1151;P04626_S1113;P04626_S1134;P04626_S653;P04626_S1107;P04626_S998;P04626_S1122;P04626_S728;P04626_S1083;P04626_S1002;P04626_S703;P04626_S1007;Q13009_T992;Q13009_Y141;Q13009_Y1414;Q13009_Y1323;Q13009_K1397;Q13009_Y135;Q13009_Y152;Q13009_S1020;Q13009_Y829;P11171_S200;P03956_L102;P06239_T35;P06239_Y25;P06239_T50;P06239_S158;P15311_T576;P15311_T425;P15311_Y205;P15311_Y201;P15311_Y128;P15311_S539;P15311_T214;P15311_T533;P15311_Y191;P15311_T567;Q15303_N174;Q15303_M993;P35240_Y207;P35240_Y221;P35240_Y144;P35240_Y217;P12931_Y439;P12931_Y530;P12931_Y187;P12931_Y329;P12931_C501;P12931_K62;P12931_Y419;P12931_Y139;P12931_Y134;P12931_Y522;P12931_Y216;P26038_K391;P08575_Y926;P08575_S456;P08575_Y689;P08575_Y544,,,,,,,,,,,CD4->INDUCES;CD74->INDUCES;EGFR->INDUCES;EPB41->INDUCES;ERBB2->INDUCES;ERBB4->INDUCES;EZR->INDUCES;FGF2->INDUCES;LCK->INDUCES;MMP1->INDUCES;MSN->INDUCES;NF2->INDUCES;PTPRC->INDUCES;SRC->INDUCES;TIAM1->INDUCES;TP53->INDUCES,
SE_28,Q06481-1_T367,APLP2,Q06481,Q06481-1,Canonical,T,367,Glycosylation,MAVCKAMIPPtPLPTNDVDVY,AMIPPtPLPTN,VKVPPtPLPTN,Second,True,-0.284,0.0,False,SE,,,,,,,,,,DEG_Nend_UBRbox_4;DOC_PP4_MxPP_1;LIG_SH3_3;LIG_TRAF3_MATH_PxP_3,,,,,,,,,,,,,,
SE_29,Q9BV36-1_S336;Q9BV36-2_S336,MLPH,Q9BV36,Q9BV36-1,Canonical,S,336,Phosphorylation,SHHSKRRGRAsSESQIFELNK,RRGRAsSESQI,RRGRAsSESQG,First,True,0.364,0.0,False,SE,,,,,,,,,,CLV_NRD_NRD_1;CLV_PCSK_KEX2_1;CLV_PCSK_PC1ET2_1;LIG_14-3-3_CanoR_1;LIG_BIR_II_1;LIG_BRCT_BRCA1_1;MOD_PIKK_1;MOD_PKB_1;TRG_ER_diArg_1;TRG_NLS_MonoExtC_3,,P61026_T174;P61026_K177;P61026_K196;P61026_T193;P61026_T73;P61026_S187;P61026_K102;P61026_K102;P61026_K154;P61026_Y6;P51159_C221;P51159_C219;Q5TD97_Y296;Q5TD97_S201;Q5TD97_S241;Q5TD97_K52;Q5TD97_K52;Q5TD97_S54;Q5TD97_Y200;Q5TD97_Y190;Q5TD97_S35;Q5TD97_Y242;Q5TD97_K328;Q5TD97_K328;Q5TD97_Y168;Q5TD97_K63;Q5TD97_K63;Q5TD97_K63;Q5TD97_S325;Q5TD97_Y71;Q5TD97_S235;Q5TD97_Y281;Q5TD97_Y55;Q5TD97_S62;Q5TD97_Y93;Q5TD97_K317;Q5TD97_K215;Q5TD97_K217;Q5TD97_K193;Q5TD97_K193;Q5TD97_K70;Q5TD97_K70;Q5TD97_K115;Q5TD97_K330;Q5TD97_K330;Q5TD97_S283;Q5TD97_Y220;Q5TD97_Y220;Q5TD97_Y171;O00194_K33,,,,,,,,,,,FHL5->INDUCES;RAB10->INDUCES;RAB27A->INDUCES;RAB27B->INDUCES,
SE_29,Q9BV36-2_S337;Q9BV36-1_S337,MLPH,Q9BV36,Q9BV36-1,Canonical,S,337,Phosphorylation,HHSKRRGRASsESQIFELNKH,RGRASsESQIF,RGRASsESQGL,First,True,0.364,0.0,False,SE,,,,,,,,,,CLV_NRD_NRD_1;CLV_PCSK_KEX2_1;CLV_PCSK_PC1ET2_1;DEG_Nend_UBRbox_1;LIG_14-3-3_CanoR_1;LIG_BRCT_BRCA1_1;MOD_CK1_1;MOD_PIKK_1;MOD_PKA_2;TRG_ER_diArg_1,,P61026_T174;P61026_K177;P61026_K196;P61026_T193;P61026_T73;P61026_S187;P61026_K102;P61026_K102;P61026_K154;P61026_Y6;P51159_C221;P51159_C219;Q5TD97_S201;Q5TD97_S241;Q5TD97_K52;Q5TD97_K52;Q5TD97_S54;Q5TD97_Y200;Q5TD97_Y190;Q5TD97_S35;Q5TD97_Y242;Q5TD97_K328;Q5TD97_K328;Q5TD97_Y168;Q5TD97_K63;Q5TD97_K63;Q5TD97_K63;Q5TD97_Y71;Q5TD97_S235;Q5TD97_Y281;Q5TD97_S62;Q5TD97_K317;Q5TD97_K215;Q5TD97_K217;Q5TD97_K193;Q5TD97_K193;Q5TD97_K70;Q5TD97_K70;Q5TD97_K115;Q5TD97_K330;Q5TD97_K330;Q5TD97_S283;Q5TD97_Y220;Q5TD97_Y220;Q5TD97_Y171;Q5TD97_Y296;Q5TD97_S325;Q5TD97_Y55;Q5TD97_Y93;O00194_K33,,,,,,,,,,,FHL5->INDUCES;RAB10->INDUCES;RAB27A->INDUCES;RAB27B->INDUCES,
SE_29,Q9BV36-1_S339,MLPH,Q9BV36,Q9BV36-1,Canonical,S,339,Phosphorylation,SKRRGRASSEsQIFELNKHIS,RASSEsQIFEL,RASSEsQGLGA,First,True,0.364,0.0,False,SE,,,,,,,,,,DEG_CRBN_cyclicCter_1;DEG_Nend_UBRbox_1;LIG_14-3-3_CanoR_1;MOD_PKA_2;MOD_PKB_1,,,,,,,,,,,,,,
SE_30,P04818-1_S151,TYMS,P04818,P04818-1,Canonical,S,151,Phosphorylation,HFGAEYRDMEsDYSGQGVDQL,YRDMEsDYSGQ,YRDMEsDLPLM,First,True,0.051,0.0,False,SE,,,,,,,,,,LIG_BIR_II_1;LIG_SH2_STAT3;MOD_GlcNHglycan;TRG_ENDOCYTIC_2,,P23921_S119;P23921_K754;P23921_K70;P23921_K180;P23921_S792;P23921_K496;P23921_K496,,,,,,,,,,,RRM1->INDUCES,
SE_34,O60716-3_T933;O60716-1_T933,CTNND1,O60716,O60716-1,Canonical,T,933,Phosphorylation,LGDMEPLKGTtPLMQDEGQES,PLKGTtPLMQD,PLKGTtPLMQK,First,True,-0.111,0.0,False,SE,,,,,,,,,,DEG_Nend_UBRbox_2;LIG_FHA_1,,P00533_T1150;P00533_T1078;Q6IQ23_T1094;Q6IQ23_Y888;Q6IQ23_S426;Q6IQ23_K751;Q6IQ23_Y412;Q6IQ23_S612;Q6IQ23_S907;Q6IQ23_S903;Q6IQ23_T247;Q6IQ23_S1110;Q6IQ23_T655;Q6IQ23_Y656;Q6IQ23_Y497;Q6IQ23_T909;Q6IQ23_S556;Q6IQ23_S680;Q6IQ23_T123;Q6IQ23_T125;Q6IQ23_K745;Q6IQ23_K669;Q6IQ23_S604;Q6IQ23_S485;Q6IQ23_T887;Q6IQ23_S481;Q6IQ23_Y665;Q6IQ23_Y1011;Q6IQ23_K355;Q6IQ23_T1013;Q6IQ23_Y891;P33151_T212;P33151_N112,,,,,,,,,,,CDH5->INDUCES;EGFR->INDUCES;PLEKHA7->INDUCES,
SE_37,Q27J81-1_S1229;Q27J81-2_S1229,INF2,Q27J81,Q27J81-1,Canonical,S,1229,Phosphorylation,GKRRKKRPSRsQEEVPPDSDD,KRPSRsQEEHS,KRPSRsQEGLR,First,True,-0.508,0.0,False,SE,,,,,,,,,,CLV_PCSK_FUR_1;CLV_PCSK_KEX2_1;CLV_PCSK_PC1ET2_1;DEG_Nend_UBRbox_1;MOD_PKA_1;MOD_PKA_2;TRG_NLS_MonoExtN_4,,,,,,,,,,,,,,
SE_38,Q27J81-1_S1229;Q27J81-2_S1229,INF2,Q27J81,Q27J81-1,Canonical,S,1229,Phosphorylation,GKRRKKRPSRsQEEVPPDSDD,KRPSRsQEEVP,KRPSRsQEGLR,First,True,-0.208,0.0,False,SE,,,,,,,,,,CLV_PCSK_FUR_1;CLV_PCSK_KEX2_1;CLV_PCSK_PC1ET2_1;DEG_Nend_UBRbox_1;MOD_PKA_1;MOD_PKA_2;TRG_NLS_MonoExtN_4,,,,,,,,,,,,,,
SE_40,Q96N67-1_S958,DOCK7,Q96N67,Q96N67-1,Canonical,S,958,Phosphorylation,SAESTQAMDRsCNRMSSHTET,QAMDRsCNRMS,KAMDRsCNRMS,First,True,0.39,0.0,False,SE,,,,,,,,,,LIG_14-3-3_CterR_2;LIG_BIR_II_1,,,,,,,,,,,,,,
SE_40,Q96N67-3_K922,DOCK7,Q96N67,Q96N67-3,Alternative,K,922,Ubiquitination,DDEVRSIIGSkAMDRSCNRMS,SIIGSkGLDRS,SIIGSkAMDRS,Second,True,0.39,0.0,False,SE,,,,,,,,,,,,,,,,,,,,,,,,
SE_40,Q96N67-3_S921,DOCK7,Q96N67,Q96N67-3,Alternative,S,921,Phosphorylation,PDDEVRSIIGsKAMDRSCNRM,RSIIGsKGLDR,RSIIGsKAMDR,Second,True,0.39,0.0,False,SE,,,,,,,,,,DEG_Nend_UBRbox_2,,,,,,,,,,,,,,
SE_41,Q86X29-1_Y309,LSR,Q86X29,Q86X29-1,Canonical,Y,309,Phosphorylation,PDKCCCPEALyAAGKAATSGV,CPEALyAAGKA,LIVLVyAAGKA,Second,True,0.308,0.0,False,SE,,,,,,,,,,DEG_Nend_UBRbox_4,,,,,,,,,,,,,,
SE_41,Q86X29-1_K313,LSR,Q86X29,Q86X29-1,Canonical,K,313,Ubiquitination,CCPEALYAAGkAATSGVPSIY,LYAAGkAATSG,VYAAGkAATSG,Second,True,0.308,0.0,False,SE,,,,,,,,,,DEG_Nend_UBRbox_2;DOC_USP7_MATH_1;LIG_PDZ_Class_1;MOD_GlcNHglycan,,,,,,,,,,,,,,
SE_42,Q14160-1_T730,SCRIB,Q14160,Q14160-1,Canonical,T,730,Phosphorylation,ARIEEEELTLtILRQTGGLGI,EELTLtILRQT,VKLTLtILRQT,First,True,0.395,0.0,False,SE,,,,,,,,,,DEG_Nend_UBRbox_2;DOC_CYCLIN_RevRxL_6;LIG_14-3-3_CterR_2;LIG_FHA_1;LIG_WD40_WDR5_VDV_2;MOD_Plk_1;TRG_DiLeu_BaEn_4,,,,,,,,,,,,,,
SE_42,Q14160-1_T728,SCRIB,Q14160,Q14160-1,Canonical,T,728,Phosphorylation,EPARIEEEELtLTILRQTGGL,EEEELtLTILR,PSVKLtLTILR,First,True,0.395,0.0,False,SE,,,,,,,,,,DEG_CRBN_cyclicCter_1;DEG_Nend_UBRbox_1;LIG_WD40_WDR5_VDV_2;MOD_Plk_4;TRG_DiLeu_BaEn_4,,,,,,,,,,,,,,
SE_42,Q14160-1_K705,SCRIB,Q14160,Q14160-1,Canonical,K,705,Ubiquitination,EGAVVSAPSVkGVSFDQANNL,SAPSVkGVSFD,SAPSVkLTLTI,Second,True,0.395,0.0,False,SE,,,,,,,,,,DEG_CRBN_cyclicCter_1;LIG_WD40_WDR5_VDV_2;MOD_CK1_1;MOD_GlcNHglycan,,,,,,,,,,,,,,
SE_42,Q14160-1_S703,SCRIB,Q14160,Q14160-1,Canonical,S,703,Phosphorylation,DKEGAVVSAPsVKGVSFDQAN,VVSAPsVKGVS,VVSAPsVKLTL,Second,True,0.395,0.0,False,SE,,,,,,,,,,DOC_USP7_MATH_1;LIG_PDZ_Class_2;LIG_SH3_3;MOD_GlcNHglycan;MOD_NMyristoyl,,,,,,,,,,,,,,
SE_46,Q6WCQ1-2_S1014;Q6WCQ1-1_S1014,MPRIP,Q6WCQ1,Q6WCQ1-1,Canonical,S,1014,Phosphorylation,CVTRQLRNIRsKSVIEQVSWD,LRNIRsKSVIE,LRNIRsKSLKE,First,True,0.19,1.2834934061200001e-12,False,SE,,,,,,,,,,DEG_CRBN_cyclicCter_1;DEG_Nend_UBRbox_1;LIG_14-3-3_CanoR_1;MOD_CK2_1;MOD_PK_1;MOD_Plk_4;TRG_Oom_RxLR_1,,O14974_S783;O14974_T710;O14974_Y920;O14974_S542;O14974_S554;O14974_S794;O14974_S839;O14974_K456;O14974_S304;O14974_Y913;O14974_S477;O14974_S470;O14974_S472;O14974_S473;O14974_S478;O14974_S479;O14974_S896;O14974_T305;O14974_Y446;O14974_S409;O14974_S313;O14974_S509;O14974_T529;O14974_S802;O14974_K460;O14974_T702;O14974_S692;O14974_Y549;O14974_T443;O14974_Y669;O14974_S445;O14974_T859;O14974_K442;O14974_S198;O14974_S862;O14974_S795;O14974_S299;O14974_Y496;O14974_S432;O14974_Y810;O14974_T671;O14974_S856;O14974_S527;O14974_S525;O14974_T500;O14974_T508;P61586_Y66;P61586_T37;P61586_Y34;P61586_Y34;P61586_Y34;Q9BZL4_T425;Q9BZL4_T566;Q9BZL4_T474,,,,,,,,,,,PPP1R12A->INDUCES;PPP1R12C->INDUCES;RHOA->INDUCES,
SE_46,Q6WCQ1-2_S1016,MPRIP,Q6WCQ1,Q6WCQ1-2,Alternative,S,1016,Phosphorylation,TRQLRNIRSKsLKEGLTVQER,RPMQEsLKEGL,NIRSKsLKEGL,Second,True,0.19,1.2834934061200001e-12,False,SE,,,,,,,,,,DEG_Nend_Nbox_1,,O14974_S783;O14974_T710;O14974_S541;O14974_S422;O14974_Y920;O14974_S542;O14974_S554;O14974_S552;O14974_S794;O14974_S790;O14974_S839;O14974_Y901;O14974_K456;O14974_Y911;O14974_Y913;O14974_S477;O14974_S470;O14974_S578;O14974_S472;O14974_S473;O14974_S478;O14974_S479;O14974_S896;O14974_S894;O14974_T305;O14974_Y446;O14974_Y766;O14974_S409;O14974_Y890;O14974_S313;O14974_S509;O14974_T529;O14974_S888;O14974_S802;O14974_K460;O14974_T702;O14974_S692;O14974_Y549;O14974_S588;O14974_S871;O14974_T443;O14974_Y669;O14974_S445;O14974_T859;O14974_K442;O14974_T853;O14974_S198;O14974_S862;O14974_K1008;O14974_S795;O14974_S299;O14974_Y496;O14974_S432;O14974_Y810;O14974_T671;O14974_S856;O14974_S852;O14974_S527;O14974_S525;O14974_T500;O14974_T508;O14974_T779;P61586_Y66;P61586_T37;P61586_Y34;P61586_Y34;P61586_Y34;Q9BZL4_S544;Q9BZL4_T425;Q9BZL4_K424;Q9BZL4_Y533;Q9BZL4_T566;Q9BZL4_S556;Q9BZL4_S450;Q9BZL4_K573;Q9BZL4_T474,,,,,,,,,,,PPP1R12A->INDUCES;PPP1R12C->INDUCES;RHOA->INDUCES,
SE_48,Q6ZNJ1-1_K344,NBEAL2,Q6ZNJ1,Q6ZNJ1-1,Canonical,K,344,Ubiquitination,EHLTRLIQNSkLYLQSRAPPE,LIQNSkLYLQS,LIQNSkVLDQD,First,True,-0.314,2.1544353602800003e-12,False,SE,,,,,,,,,,LIG_SH2_STAT5,,,,,,,,,,,,,,
SE_49,Q9H1H9-1_S1529;Q9H1H9-2_S1494,KIF13A,Q9H1H9,Q9H1H9-1,Canonical,S,1529,Phosphorylation,HNSKREKKIDsEEEENELEAI,EKKIDsEEEEN,LSQEDsEEEEN,First,True,-0.425,2.7145885539500003e-12,False,SE,,,,,,,,,,CLV_PCSK_KEX2_1;CLV_PCSK_PC1ET2_1;DEG_Nend_UBRbox_1;DOC_USP7_UBL2_3,,Q10567_S249;Q10567_S880;Q10567_S599;Q10567_T2;Q10567_Y897;Q10567_T597;Q10567_K272;Q10567_S602;Q10567_Y277;Q10567_S874,,,,,,,,,,,AP1B1->INDUCES,
SE_49,Q9H1H9-1_S1490,KIF13A,Q9H1H9,Q9H1H9-1,Canonical,S,1490,Phosphorylation,RIALEARPLLsQESMPPPQAH,ARPLLsQESMP,ARPLLsQEDSE,Second,True,-0.425,2.7145885539500003e-12,False,SE,,,,,,,,,,CLV_PCSK_SKI1_1;DEG_Nend_Nbox_1;TRG_DiLeu_LyEn_5;TRG_Pf-PMV_PEXEL_1,,Q10567_S249;Q10567_S880;Q10567_K728;Q10567_S599;Q10567_T245;Q10567_T2;Q10567_Y897;Q10567_T597;Q10567_K272;Q10567_S602;Q10567_S600;Q10567_Y277;Q10567_S874,,,,,,,,,,,AP1B1->INDUCES,
SE_51,O43663-1_K602,PRC1,O43663,O43663-1,Canonical,K,602,Ubiquitination,STVGLQRELSkASKSDATSGI,QRELSkASKSD,ARELSkASKSD,First,True,0.236,3.50924375029e-11,False,SE,,,,,,,,,,CLV_C14_Caspase3-7;DOC_USP7_MATH_1;LIG_PDZ_Class_1;MOD_CK1_1,,,,,,,,,,,,,,
SE_51,O43663-1_S601,PRC1,O43663,O43663-1,Canonical,S,601,Phosphorylation,SSTVGLQRELsKASKSDATSG,LQRELsKASKS,FARELsKASKS,First,True,0.236,3.50924375029e-11,False,SE,,,,,,,,,,DOC_USP7_MATH_1,,,,,,,,,,,,,,
SE_51,O43663-1_S580,PRC1,O43663,O43663-1,Canonical,S,580,Phosphorylation,FSINSVASTYsEFAKDPSLSD,VASTYsEFAKD,VASTYsEFARE,Second,True,0.236,3.50924375029e-11,False,SE,,,,,,,,,,DEG_Nend_UBRbox_3;LIG_FHA_2;LIG_LIR_Gen_1;LIG_LIR_Nem_3;MOD_CK1_1;MOD_CK2_1;TRG_ENDOCYTIC_2,,,,,,,,,,,,,,
SE_51,O43663-1_Y579,PRC1,O43663,O43663-1,Canonical,Y,579,Phosphorylation,NFSINSVASTySEFAKDPSLS,SVASTySEFAK,SVASTySEFAR,Second,True,0.236,3.50924375029e-11,False,SE,,,,,,,,,,DEG_Nend_Nbox_1;LIG_FHA_2;MOD_CK1_1;MOD_CK2_1,,,,,,,,,,,,,,
SE_53,P10586-1_T816,PTPRF,P10586,P10586-1,Canonical,T,816,Phosphorylation,GARSKPKIVTtTGAVPGRPTM,PKIVTtTGAVP,PKIVTtTGAVF,First,True,-0.059,5.9765632772e-11,False,SE,,,,,,,,,,CLV_PCSK_SKI1_1;LIG_BIR_II_1;LIG_FHA_1;LIG_WD40_WDR5_VDV_2,,,,,,,,,,,,,,
SE_53,P10586-1_T817,PTPRF,P10586,P10586-1,Canonical,T,817,Phosphorylation,ARSKPKIVTTtGAVPGRPTMM,KIVTTtGAVPG,KIVTTtGAVFA,First,True,-0.059,5.9765632772e-11,False,SE,,,,,,,,,,CLV_PCSK_SKI1_1,,,,,,,,,,,,,,
SE_57,P35240-1_K579,NF2,P35240,P35240-1,Canonical,K,579,Ubiquitination,GGSSKHNTIKkLTLQSAKSRV,HNTIKkPQAQG,HNTIKkLTLQS,First,True,-0.188,6.00771729299e-10,False,SE,,,,,,,,,,CLV_PCSK_SKI1_1;DOC_CYCLIN_RxL_1;LIG_BIR_II_1;LIG_WD40_WDR5_VDV_2,,,,,,,,,,,,,,
SE_57,P35240-1_T581,NF2,P35240,P35240-1,Canonical,T,581,Phosphorylation,SSKHNTIKKLtLQSAKSRVAF,*ALKLtLQSAK,TIKKLtLQSAK,Second,True,-0.188,6.00771729299e-10,True,SE,,,,,,,,,,DOC_CYCLIN_RxL_1;MOD_GlcNHglycan,,O14964_S594;O14964_Y216;O14964_Y289;O14964_Y132;O14964_Y286;O14964_Y466;O14964_Y524;Q9H204_Y64;P15311_Y424;P15311_T425;P15311_Y478;P15311_Y499;P15311_Y146;P15311_Y354;P15311_T468;O00560_Y91;O00560_Y46;P31749_K30;P31749_S378;P31749_S477;P31749_T435;P31749_T479;P31749_S475;P31749_S129;P31749_S129;P31749_S129;P31749_S122;P31749_S126;P31749_S126;P31749_S126;P31749_S124;P31749_K377;P31749_K377;P31749_S137;P31749_T448;P31749_Y175;O14980_S395;O14980_K122;O14980_S387;O14980_S389;O14980_Y252;O14980_S1055;P04626_K716;P04626_S1078;P04626_S1051;P04626_S1054;P04626_S1214;P04626_K831;P04626_S189;P04626_S1113;P04626_S760;P04626_S1107;P04626_S998;P04626_S1049;P04626_K175;P04626_K722;P04626_S728;P04626_S1002;P04626_K150;P04626_S1007;Q9Y4B6_Y1365;P16070_S448;P16070_Y412;P16070_S717;P16070_T637;P16070_T637;P16070_S672;P16070_T638;P16070_T638;P16070_S291;P16070_T726;P16070_T720;P16070_R162;P16070_S305;P16070_N57;P16070_R186;P16070_S706;P16070_S704;P16070_G192;P05556_N363;P05556_S442;P05556_N376;P05556_S186;P05556_N669;P05556_N584,,,,,,,,,,,AKT1->INDUCES;CD44->INDUCES;DCAF1->INDUCES;ERBB2->INDUCES;EZR->INDUCES;HGS->INDUCES;ITGB1->INDUCES;MED28->INDUCES;SDCBP->INDUCES;XPO1->INDUCES,
SE_58,P13688-1_T457;P13688-8_T457,CEACAM1,P13688,P13688-1,Canonical,T,457,Phosphorylation,ALACFLHFGKtGRASDQRDLT,LHFGKtGRASD,LHFGKtGSSGP,Second,True,0.525,1.73943268451e-09,False,SE,"apoptosis, altered",Calmodulin(DISRUPTS),,"molecular association, regulation; activity, inhibited",,,,,,DEG_CRBN_cyclicCter_1;DEG_Nend_UBRbox_4,,P06213_T816;P06213_Y1038;P06213_K1112;P06213_K1057;P06213_C1261;P06213_T731;P06213_S630;P06213_C1272;P06213_S1216;P06213_Y401;P06213_Y1149;P06213_K1047;P06213_S1062;P06213_C1165;P06213_Y818;P06213_S1314;P06213_S1348;P06213_S1221;P06213_K1154;P06213_K1079;P06213_S1064;P06213_C1083;P06213_S400;P06213_S407;P06213_Y589;Q9NNX6_K177;Q9NNX6_S118;Q9NNX6_K131;Q9NNX6_K200;Q9NNX6_S141;Q9NNX6_S187;Q9NNX6_K223;Q9NNX6_Y216;Q9NNX6_Y101;Q9NNX6_K108;Q9NNX6_K154;P12931_C501;P29350_K196;P29350_K195;P29350_K195;P29350_K277;P29350_S138;P29350_C102;P29353_Y559,,,,,,,,,,,CALM1->DISRUPTS;CD209->INDUCES;INSR->INDUCES;PTPN6->INDUCES;SHC1->INDUCES;SRC->INDUCES,
SE_59,Q14160-1_T730,SCRIB,Q14160,Q14160-1,Canonical,T,730,Phosphorylation,ARIEEEELTLtILRQTGGLGI,EELTLtILRQT,QELTLtILRQT,First,True,0.334,2.09852776267e-09,False,SE,,,,,,,,,,DEG_Nend_UBRbox_2;DOC_CYCLIN_RevRxL_6;LIG_14-3-3_CterR_2;LIG_FHA_1;LIG_WD40_WDR5_VDV_2;MOD_Plk_1;TRG_DiLeu_BaEn_4,,,,,,,,,,,,,,
SE_59,Q14160-1_T728,SCRIB,Q14160,Q14160-1,Canonical,T,728,Phosphorylation,EPARIEEEELtLTILRQTGGL,EEEELtLTILR,DYQELtLTILR,First,True,0.334,2.09852776267e-09,False,SE,,,,,,,,,,DEG_CRBN_cyclicCter_1;DEG_Nend_UBRbox_1;LIG_WD40_WDR5_VDV_2;MOD_Plk_4;TRG_DiLeu_BaEn_4,,,,,,,,,,,,,,
SE_59,Q14160-1_Y564,SCRIB,Q14160,Q14160-1,Canonical,Y,564,Phosphorylation,AGGEEDAEEDyQEPTVHFAED,DAEEDyQEGVS,DAEEDyQELTL,Second,True,0.334,2.09852776267e-09,False,SE,,,,,,,,,,DEG_Nend_UBRbox_2;LIG_WD40_WDR5_VDV_2,,,,,,,,,,,,,,
SE_61,P60660-2_Y141,MYL6,P60660,P60660-2,Alternative,Y,141,Phosphorylation,GHEDSNGCINyEELVRMVLNG,NGCINyEAFVR,NGCINyEELVR,First,True,-0.116,7.75275301841e-09,False,SE,,,,,,,,,,CLV_Separin_Metazoa;DEG_Nend_UBRbox_2;MOD_N-GLC_2,,,,,,,,,,,,,,
SE_63,Q9ULT0-1_K172,TTC7A,Q9ULT0,Q9ULT0-1,Canonical,K,172,Ubiquitination,MRLLSEAFVIkGLSLERLPNS,EAFVIkACLRL,EAFVIkGLSLE,First,True,0.137,1.07318148014e-08,False,SE,,,,,,,,,,DEG_Cend_FEM1B_2;DEG_Nend_Nbox_1;LIG_BRCT_BRCA1_1,,,,,,,,,,,,,,
SE_66,O60716-1_S8,CTNND1,O60716,O60716-1,Canonical,S,8,Phosphorylation,   MDDSEVEsTASILASVKE,LTEVEsTASIL,I*EVEsTASIL,Second,True,0.369,2.79458563289e-08,True,SE,,,,,,,,,,DEG_Nend_UBRbox_2;LIG_FHA_1;LIG_PDZ_Class_2;LIG_WD40_WDR5_VDV_2;MOD_CK2_1;MOD_Plk_4,,,,,,,,,,,,,,
SE_68,P15529-1_K375,CD46,P15529,P15529-1,Canonical,K,375,Ubiquitination,PYRYLQRRKKkGTYLTDETHR,QRRKKkGTYLT,QRRKKkGKADG,First,True,0.132,4.01541632907e-08,False,SE,,,,,,,,,,CLV_NRD_NRD_1;CLV_PCSK_KEX2_1;DEG_Nend_Nbox_1;LIG_SH2_STAT5;MOD_Plk_4;TRG_NLS_MonoExtN_4,,,,,,,,,,,,,,
SE_68,P15529-2_K377;P15529-4_K347;P15529-16_K314,CD46,P15529,P15529-2,Alternative,K,377,Ubiquitination,RYLQRRKKKGkADGGAEYATY,FIIKRkADGGA,RKKKGkADGGA,Second,True,0.132,4.01541632907e-08,False,SE,,,,,,,,,,CLV_NRD_NRD_1;CLV_PCSK_KEX2_1;DEG_Nend_UBRbox_3;TRG_NLS_MonoCore_2;TRG_NLS_MonoExtN_4,,P01024_S928;P01024_S297;P01024_N85;P01024_T676;P01024_S1573;P01024_S742;P01024_N1617;P07947_S40;P26038_S249;P26038_S243;P26038_S429;P26038_S468;P26038_S56;P26038_Y205;P26038_T66;P26038_Y128;P26038_R342;P26038_T369;P26038_T57;P26038_S144;P26038_T459;P26038_S384;P26038_T539;P26038_T4;P26038_T558;P26038_Y201;P26038_T425;P26038_Y191;P26038_S527;P26038_T567;P26038_T235;P26038_T465;P05556_S442;P05556_S186,,,,,,,,,,,C3->INDUCES;ITGB1->INDUCES;MSN->INDUCES;YES1->INDUCES,
SE_70,P35240-1_K579,NF2,P35240,P35240-1,Canonical,K,579,Ubiquitination,GGSSKHNTIKkLTLQSAKSRV,HNTIKkPQAQG,HNTIKkLTLQS,First,True,-0.382,8.96855027489e-08,False,SE,,,,,,,,,,CLV_PCSK_SKI1_1;DOC_CYCLIN_RxL_1;LIG_BIR_II_1;LIG_WD40_WDR5_VDV_2,,,,,,,,,,,,,,
SE_70,P35240-1_T581,NF2,P35240,P35240-1,Canonical,T,581,Phosphorylation,SSKHNTIKKLtLQSAKSRVAF,GCSQLtLQSAK,TIKKLtLQSAK,Second,True,-0.382,8.96855027489e-08,False,SE,,,,,,,,,,DOC_CYCLIN_RxL_1;MOD_GlcNHglycan,,O14964_S594;O14964_Y216;O14964_Y289;O14964_Y132;O14964_Y286;O14964_Y466;O14964_Y524;Q9H204_Y64;P15311_Y424;P15311_T425;P15311_Y478;P15311_Y499;P15311_Y146;P15311_Y354;P15311_T468;O00560_Y91;O00560_Y46;P31749_K30;P31749_S378;P31749_S477;P31749_T435;P31749_T479;P31749_S475;P31749_S129;P31749_S129;P31749_S129;P31749_S122;P31749_S126;P31749_S126;P31749_S126;P31749_S124;P31749_K377;P31749_K377;P31749_S137;P31749_T448;P31749_Y175;O14980_S395;O14980_K122;O14980_S387;O14980_S389;O14980_Y252;O14980_S1055;P04626_K716;P04626_S1078;P04626_S1051;P04626_S1054;P04626_S1214;P04626_K831;P04626_S189;P04626_S1113;P04626_S760;P04626_S1107;P04626_S998;P04626_S1049;P04626_K175;P04626_K722;P04626_S728;P04626_S1002;P04626_K150;P04626_S1007;Q9Y4B6_Y1365;P16070_S448;P16070_Y412;P16070_S717;P16070_T637;P16070_T637;P16070_S672;P16070_T638;P16070_T638;P16070_S291;P16070_T726;P16070_T720;P16070_R162;P16070_S305;P16070_N57;P16070_R186;P16070_S706;P16070_S704;P16070_G192;P05556_N363;P05556_S442;P05556_N376;P05556_S186;P05556_N669;P05556_N584,,,,,,,,,,,AKT1->INDUCES;CD44->INDUCES;DCAF1->INDUCES;ERBB2->INDUCES;EZR->INDUCES;HGS->INDUCES;ITGB1->INDUCES;MED28->INDUCES;SDCBP->INDUCES;XPO1->INDUCES,
SE_75,P16070-1_S305,CD44,P16070,P16070-1,Canonical,S,305,Phosphorylation,SGIDDDEDFIsSTISTTPRAF,DEDFIsSTTAS,DEDFIsSTNMD,First,True,-0.36,2.52373690538e-07,False,SE,,,,,,,,,,DEG_Nend_UBRbox_2;MOD_GSK3_1,,P09038_K261;P04637_S366;P04637_H115;P04637_S378;P04637_K305;P04637_K305;P04637_K120;P04637_K120;P04637_K101;P04637_K320;P04637_K320;P04637_K320;P04637_Y327;P04637_K291;P04637_K139;P04637_K321;P04637_K321;P04637_K321;P04637_K357;P04637_T312;P04637_K319;P04637_K319;P04637_K351;P04637_K373;P04637_K373;P04637_K373;P04637_K373;P04637_K372;P04637_K372;P04637_K372;P04637_K372;P04637_K292;P04637_K292;P04637_K370;P04637_K370;P04637_K370;P04637_K370;P04637_K370;P04637_T81;P00533_T648;P00533_N175;P00533_C311;P00533_T1085;P00533_N568;P00533_C470;P00533_N444;P00533_C190;P00533_C291;P00533_S645;P00533_T1191;P00533_T1078;P00533_N128;P00533_C329;P00533_S174;P00533_N528;P04233_C44;P04233_T132;P04233_N130;P10124_S104;P04626_T733;P04626_T1242;P04626_S1235;P04626_S1078;P04626_S1051;P04626_T1240;P04626_S1050;P04626_S1054;P04626_Y1127;P04626_Y923;P04626_S1214;P04626_S1151;P04626_Y1196;P04626_N571;P04626_T1132;P04626_N388;P04626_S189;P04626_S1113;P04626_S1134;P04626_T1117;P04626_Y735;P04626_N68;P04626_Y163;P04626_T701;P04626_T875;P04626_Y877;P04626_Y590;P04626_S653;P04626_S760;P04626_Y1222;P04626_Y1221;P04626_Y1139;P04626_N259;P04626_N427;P04626_T948;P04626_Y1005;P04626_S1107;P04626_Y1023;P04626_S998;P04626_S1049;P04626_N629;P04626_Y1248;P04626_T1124;P04626_Y274;P04626_S1122;P04626_T1166;P04626_T1172;P04626_Y1112;P04626_S728;P04626_S1083;P04626_S1002;P04626_S703;P04626_T1052;P04626_S1007;P04626_N530;P02452_K751;P02452_K751;P02452_K505;P02452_K505;P02452_K759;P02452_K520;P02452_K520;P02452_P313;P02452_K286;P02452_K397;P02452_K397;P02452_K430;P02452_K1152;P02452_K170;P11171_S200;P11171_K391;P08123_P297;P08123_P558;P08123_P315;P08123_P255;P08123_P174;P08123_P192;P08123_P324;P08123_P261;P08123_P408;P08123_P420;P08123_P444;P08123_P441;P08123_P300;P03956_K450;P03956_S153;P03956_T288;P03956_L102;P03956_S280;Q92888_T140;P06239_Y25;P06239_Y263;P06239_S274;P06239_C3;P06239_C5;P06239_S42;P06239_S158;P06239_T375;P15311_Y291;P15311_T576;P15311_Y424;P15311_T425;P15311_Y205;P15311_Y478;P15311_Y201;P15311_Y499;P15311_Y128;P15311_S539;P15311_T459;P15311_Y146;P15311_T214;P15311_T533;P15311_Y483;P15311_Y270;P15311_Y137;P15311_Y354;P15311_T332;P15311_Y116;P15311_Y191;P15311_T567;Q15303_N174;Q15303_Y1081;Q15303_Y1262;Q15303_S1289;Q15303_Y1188;Q15303_Y1056;P35240_T21;P35240_T581;P35240_Y207;P35240_T576;P35240_Y221;P35240_T556;P35240_Y144;P35240_Y217;P35240_T230;P12931_C501;P12931_K62;P12931_D45;P12931_K319;P12931_K319;P26038_T526;P26038_S429;P26038_S56;P26038_Y205;P26038_Y128;P26038_T369;P26038_S144;P26038_T459;P26038_S384;P26038_T539;P26038_K391;P26038_T4;P26038_S576;P26038_T558;P26038_Y201;P26038_T425;P26038_Y191;P26038_S527;P26038_T567;P26038_T465;P08575_N240;P08575_Y926;P08575_Y453;P08575_Y689;P08575_S995;P08575_S1297;P08575_S954;P08575_S1283;P06241_Y185;P06241_T457;P06241_K320;P06241_K320;P06241_K322;P06241_S186;P06241_S188;P06241_T217;P06241_T216;P06241_Y91;P06241_Y150;P06241_Y93;P06241_Y339;P06241_Y231;P14780_S628,,,,,,,,,,,ARHGEF1->INDUCES;CD74->INDUCES;COL1A1->INDUCES;COL1A2->INDUCES;EGFR->INDUCES;EPB41->INDUCES;ERBB2->INDUCES;ERBB4->INDUCES;EZR->INDUCES;FGF2->INDUCES;FYN->INDUCES;LCK->INDUCES;MMP1->INDUCES;MMP9->INDUCES;MSN->INDUCES;NF2->INDUCES;PTPRC->INDUCES;SRC->INDUCES;SRGN->INDUCES;TP53->INDUCES,
SE_76,Q9NNX1-1_T50,TUFT1,Q9NNX1,Q9NNX1-1,Canonical,T,50,Phosphorylation,EHIAQKAGRKtYAMVSSHSAG,KAGRKtYAMVS,AAGRKtYAMVS,Second,True,-0.326,3.01442719876e-07,False,SE,,,,,,,,,,CLV_NRD_NRD_1;DOC_USP7_MATH_1;DOC_USP7_UBL2_3;LIG_BIR_II_1;LIG_SH2_CRK;MOD_Cter_Amidation;TRG_ENDOCYTIC_2,,Q9UBB9_S2;Q9UBB9_S59;Q9UBB9_T50;Q9UBB9_K187;Q9UBB9_K308;Q9UBB9_S144;Q9UBB9_K126;Q9UBB9_S98;Q9UBB9_K86;Q9UBB9_K87;Q9UBB9_S210;Q9UBB9_Y51;Q9UBB9_Y280;Q9UBB9_K780;Q9UBB9_K410;Q9UBB9_K701;Q9UBB9_Y722;Q9UBB9_T199;Q9UBB9_Y279;Q9UBB9_Y745;Q9UBB9_K159;Q9UBB9_Y162;Q9UBB9_S264;Q9UBB9_S286;Q9UBB9_K137,,,,,,,,,,,TFIP11->INDUCES,
SE_79,Q8N8S7-1_T538,ENAH,Q8N8S7,Q8N8S7-1,Canonical,T,538,Phosphorylation,SYDSLHRPKStPLSQPSANGV,HRPKStPLSQP,SRPKStPLSQP,First,True,-0.248,4.0095340102e-07,False,SE,,,,,,,,,,LIG_14-3-3_CanoR_1;LIG_BIR_II_1;MOD_GSK3_1;MOD_PIKK_1,,Q9UQB8_T348,,,,,,,,,,,BAIAP2->INDUCES,
SE_79,Q8N8S7-1_S537,ENAH,Q8N8S7,Q8N8S7-1,Canonical,S,537,Phosphorylation,RSYDSLHRPKsTPLSQPSANG,LHRPKsTPLSQ,ISRPKsTPLSQ,First,True,-0.248,4.0095340102e-07,False,SE,,,,,,,,,,DEG_Nend_UBRbox_2;DOC_WW_Pin1_4;MOD_ProDKin_1,,,,,,,,,,,,,,
SE_79,Q8N8S7-1_K536,ENAH,Q8N8S7,Q8N8S7-1,Canonical,K,536,Ubiquitination,NRSYDSLHRPkSTPLSQPSAN,SLHRPkSTPLS,VISRPkSTPLS,First,True,-0.248,4.0095340102e-07,False,SE,,,,,,,,,,DEG_CRBN_cyclicCter_1;DEG_Nend_Nbox_1;DOC_WW_Pin1_4;LIG_14-3-3_CanoR_1;LIG_SH2_CRK;MOD_GSK3_1;MOD_ProDKin_1;TRG_ENDOCYTIC_2,,,,,,,,,,,,,,
SE_79,Q8N8S7-2_S512;Q8N8S7-1_S512,ENAH,Q8N8S7,Q8N8S7-1,Canonical,S,512,Phosphorylation,TMNGSKSPVIsRRDSPRKNQI,KSPVIsRRDSP,KSPVIsRPKST,Second,True,-0.248,4.0095340102e-07,False,SE,,,,,,,,,,CLV_NRD_NRD_1;CLV_PCSK_KEX2_1;DOC_WW_Pin1_4;MOD_CDK_SPK_2;MOD_ProDKin_1,,Q70E73_S1071;Q70E73_Y1226;Q70E73_Y417;Q70E73_S5;Q70E73_T1153;Q70E73_S54;Q70E73_M1;Q70E73_Y510;Q70E73_Y513;Q70E73_S1033;Q70E73_K270;Q70E73_T1228;Q70E73_S1154;Q70E73_S610;Q70E73_Y456;Q70E73_S860;Q70E73_S867;Q70E73_S1130;Q70E73_S1012;Q70E73_S140;Q70E73_K347;Q70E73_K582;Q70E73_S845;Q70E73_K361;Q70E73_S853;Q70E73_S856;Q70E73_Y466;Q70E73_S1224;Q70E73_S1069;Q70E73_S17;Q70E73_S996;Q70E73_S908;Q70E73_K535;Q70E73_Y524;Q70E73_S152;Q70E73_K134;P00519_Y204;P00519_S639;P00519_Y245;P00519_S739;P00519_S737;P00519_Y147;P00519_Y134;P00519_S588;P00519_Y191;P00519_Y234;Q8IZP0_T174;Q8IZP0_S392;Q8IZP0_T170;Q8IZP0_S225;Q8IZP0_S242;Q8IZP0_S243;Q8IZP0_S240;Q8IZP0_S246;Q8IZP0_S222;Q8IZP0_S248;Q8IZP0_Y435;Q8IZP0_Y431;Q8IZP0_T265;Q8IZP0_T325;Q8IZP0_T324;Q8IZP0_T208;Q8IZP0_T229;Q8IZP0_S326;Q8IZP0_S309;Q8IZP0_T458;Q8IZP0_S502;Q8IZP0_S216;Q8IZP0_S231;Q8IZP0_S323;Q8IZP0_T394;Q8IZP0_S329;Q8IZP0_S327;Q8IZP0_S187;Q8IZP0_S183;Q8IZP0_Y421;Q8IZP0_T215;Q8IZP0_Y333;Q8IZP0_Y355;Q8IZP0_Y506;Q8IZP0_S319;Q8IZP0_T196;Q8IZP0_S330;Q8IZP0_S267;Q8IZP0_T238;Q8IZP0_S338;Q14517_T152;Q14517_K1978;Q14517_S2607;Q14517_S2621;Q14517_N3415;Q14517_S2627;Q14517_S4476;Q14517_K1305;Q14517_S4473;Q14517_K1638;Q14517_K3603;Q14517_T3940;Q14517_Y4356;Q14517_S4272;Q14517_N3716;Q14517_Y4523;Q14517_K2683;Q14517_K125;Q14517_S3760;Q14517_K1335;Q14517_K2611;Q14517_K427;Q14517_K1173;Q14517_K692;Q14517_T1980;Q14517_S4264;Q14517_K403;Q14517_Y4232;Q14517_K366;Q14517_K686;Q14517_S4243;Q14517_K1192;Q14517_N3422;Q14517_S4322;Q14517_K727;Q14517_T3874;Q14517_S153;Q14517_K73;Q14517_S150;Q14517_K2739;Q14517_Y212;Q14517_K3522;Q14517_K1503;Q14517_T2002;Q14517_S4316;Q14517_Y4494;Q14517_K1460;Q14517_K189;Q14517_S778;Q14517_K101;Q14517_K2139;Q14517_S348;Q14517_S1496;Q14517_K1642;Q14517_Y3253;Q14517_K3069;Q14517_Y4489;Q14517_S3404;Q14517_Y468;Q14517_Y3862;Q14517_K3504;Q14517_K452;Q14517_K216;Q14517_K1326;Q14517_S1992;Q14517_Y4242;Q14517_K3071;Q14517_S4318;Q14517_K1242;Q14517_K894;Q14517_K1248;Q14517_S4353;Q14517_K1486;Q14517_K121;Q14517_K1966;Q14517_K2643;Q14517_N1295;Q14517_T3407;Q14517_S4303;Q14517_K339;Q14517_K4219;Q6XZF7_S466;Q6XZF7_S54;Q6XZF7_S1258;Q6XZF7_S1381;Q6XZF7_S1353;Q6XZF7_S1279;Q6XZF7_S1340;Q6XZF7_S513;Q6XZF7_S516;Q6XZF7_K1317;Q6XZF7_K1316;Q6XZF7_T275;Q6XZF7_S483;Q6XZF7_S482;Q6XZF7_Y708;Q15942_K265;Q15942_K265;Q15942_K165;Q15942_K272;Q15942_K328;Q15942_S142;Q15942_S143;Q15942_S308;Q15942_S169;Q15942_K24;Q15942_K25;Q15942_K25;Q15942_S186;Q15942_K279;Q15942_K279;Q15942_T315;Q15942_T250;Q15942_K295;Q15942_S150;Q15942_S281;Q15942_Y316;Q15942_T352;Q15942_S170;Q9UQB8_K171;Q9UQB8_T392;Q9UQB8_T360;O00213_K470,,,,,,,,,,,ABI1->INDUCES;ABL1->INDUCES;APBB1->INDUCES;BAIAP2->INDUCES;DNMBP->INDUCES;FAT1->INDUCES;RAPH1->INDUCES;ZYX->INDUCES,
SE_83,Q08AE8-1_Y551,SPIRE1,Q08AE8,Q08AE8-1,Canonical,Y,551,Phosphorylation,QSSRSLEEFCyPVECLALTVE,KEEFCyPVECL,LEEFCyPVECL,First,True,-0.217,7.84906852803e-07,False,SE,,,,,,,,,,DEG_Nend_UBRbox_1;DOC_PP4_FxxP_1;LIG_LIR_Apic_2;TRG_Pf-PMV_PEXEL_1,,,,,,,,,,,,,,
SE_83,Q08AE8-1_S545,SPIRE1,Q08AE8,Q08AE8-1,Canonical,S,545,Phosphorylation,FLPPSRQSSRsLEEFCYPVEC,RQSSRsLVPRI,RQSSRsLEEFC,Second,True,-0.217,7.84906852803e-07,False,SE,,,,,,,,,,LIG_14-3-3_CanoR_1;MOD_CK1_1;MOD_PKA_2;TRG_Pf-PMV_PEXEL_1,,,,,,,,,,,,,,
SE_86,Q99447-1_K179,PCYT2,Q99447,Q99447-1,Canonical,K,179,Ubiquitination,EYREYADSFGkCPGGRNPWTG,ADSFGkPPHPI,ADSFGkCPGGR,Second,True,-0.372,3.05344842431e-06,False,SE,,,,,,,,,,CLV_C14_Caspase3-7;DEG_CRBN_cyclicCter_1;DEG_Nend_UBRbox_2;LIG_SH2_SRC;LIG_SH2_STAP1,,,,,,,,,,,,,,
SE_86,Q99447-1_S176,PCYT2,Q99447,Q99447-1,Canonical,S,176,Phosphorylation,MSSEYREYADsFGKCPGGRNP,REYADsFGKPP,REYADsFGKCP,Second,True,-0.372,3.05344842431e-06,False,SE,,,,,,,,,,DEG_Nend_UBRbox_2;LIG_LIR_Nem_3;LIG_SH2_STAP1,,,,,,,,,,,,,,
SE_88,O43663-1_K602,PRC1,O43663,O43663-1,Canonical,K,602,Ubiquitination,STVGLQRELSkASKSDATSGI,QRELSkASKSD,VRELSkASKSD,First,True,0.219,5.24254024868e-06,False,SE,,,,,,,,,,CLV_C14_Caspase3-7;DOC_USP7_MATH_1;LIG_PDZ_Class_1;MOD_CK1_1,,,,,,,,,,,,,,
SE_88,O43663-1_S601,PRC1,O43663,O43663-1,Canonical,S,601,Phosphorylation,SSTVGLQRELsKASKSDATSG,LQRELsKASKS,*VRELsKASKS,First,True,0.219,5.24254024868e-06,True,SE,,,,,,,,,,DOC_USP7_MATH_1,,,,,,,,,,,,,,
SE_88,O43663-1_S557,PRC1,O43663,O43663-1,Canonical,S,557,Phosphorylation,ENLELNGSILsGGYPGSAPLQ,NGSILsEGSVP,NGSILsARTFK,Second,True,0.219,5.24254024868e-06,False,SE,,,,,,,,,,DEG_Nend_UBRbox_2;MOD_N-GLC_1;MOD_Plk_4,,,,,,,,,,,,,,
SE_88,O43663-1_S554;O43663-3_S513,PRC1,O43663,O43663-1,Canonical,S,554,Phosphorylation,ANKENLELNGsILSGGYPGSA,LELNGsILSEG,LELNGsILSAR,Second,True,0.219,5.24254024868e-06,False,SE,,,,,,,,,,DEG_Nend_UBRbox_2;LIG_BRCT_MDC1_1;LIG_WD40_WDR5_VDV_2;MOD_GlcNHglycan,,,,,,,,,,,,,,
SE_90,Q9NR56-1_T265,MBNL1,Q9NR56,Q9NR56-1,Canonical,T,265,Phosphorylation,NQAAAAQAAAtAAAMTQSAVK,AQAAAtAAAMT,AQAAAtAAAMG,First,True,-0.173,8.68094097376e-06,False,SE,,,,,,,,,,DEG_CRBN_cyclicCter_1;LIG_BIR_II_1;LIG_BIR_III_3,,,,,,,,,,,,,,
SE_91,Q07157-2_Y923,TJP1,Q07157,Q07157-2,Alternative,Y,923,Phosphorylation,PGFKPASQQVyRKDPYPEEMM,DPTKVyRKDPY,ASQQVyRKDPY,First,True,0.156,8.7916354149e-06,False,SE,,,,,,,,,,CLV_NRD_NRD_1;LIG_SH3_4;MOD_PIKK_1,,,,,,,,,,,,,,
SE_91,Q07157-1_S919,TJP1,Q07157,Q07157-1,Canonical,S,919,Phosphorylation,RIDSPGFKPAsQQKAEASSPV,GFKPAsQQKAE,GFKPAsQQVYR,Second,True,0.156,8.7916354149e-06,False,SE,,,,,,,,,,LIG_Arc_Nlobe_1;LIG_BIR_II_1;LIG_SH3_4,,,,,,,,,,,,,,
SE_93,Q8IZP0-1_S392,ABI1,Q8IZP0,Q8IZP0-1,Canonical,S,392,Phosphorylation,VARVQENIADsPTPPPPPPPD,ENIADsPTPPP,NSIADsPTPPP,First,True,0.213,1.25888507528e-05,False,SE,"cell motility, altered; cytoskeletal reorganization",,,"molecular association, regulation",MAPK3;MAPK1,,,,,DOC_WW_Pin1_4;LIG_SH3_3;MOD_ProDKin_1,,P16333_Y268;P16333_T74;P16333_Y105;P16333_Y148;P16333_S91;P16333_S96;P16333_S166;P16333_S61;P16333_T48;P16333_D88;P16333_Y112;P16333_S262;P16333_S85;P16333_S313;P16333_S312;Q12929_Y252;Q12929_Y45;Q12929_S685;Q12929_Y22;Q12929_Y454;Q12929_Y51;Q12929_T765;Q12929_Y491;Q12929_S476;Q12929_S231;Q12929_T743;Q12929_S574;Q12929_S667;Q12929_S661;Q12929_Y723;Q12929_Y525;Q12929_K193;Q12929_K191;Q12929_T629;Q12929_T223;Q8N8S7_S506;Q8N8S7_T487;Q8N8S7_T489;Q8N8S7_S414;Q8N8S7_S265;Q8N8S7_S512;Q8N8S7_S266;Q8N8S7_S125;Q8N8S7_S485;Q8N8S7_S486;Q8N8S7_T500;P42768_S483;P42768_S484;P42768_S320;P42768_S277;P42768_Y107;P42768_S287;P42768_T355;P01106_S344;P01106_S359;Q07889_T1054;Q07889_T1076;Q07889_Y348;Q07889_S1137;Q07889_T1263;Q07889_T1085;Q07889_Y681;Q07889_Y353;Q07889_Y215;Q96F07_K959;Q96F07_K421;Q96F07_K189;Q96F07_K1107;Q96F07_K775;Q96F07_K320;Q96F07_S600;Q96F07_S606;Q96F07_K197;Q96F07_K1234;Q96F07_K110;Q9Y6W5_S497;Q9Y6W5_S474;Q9Y6W5_S234;Q9Y6W5_S488;Q9Y6W5_K216;Q9Y6W5_Y481;Q8TE67_T548;Q8TE67_S497;Q8TE67_S220;Q8TE67_T556;Q8TE67_Y10;Q8TE68_S543;Q8TE68_T660;Q8TE68_S195;Q8TE68_S596;Q8TE68_T305;Q8TE68_S617;Q8TE68_T187;Q8TE68_T478;Q8TE68_T652;Q8TE68_S328;Q8TE68_S239;Q8TE68_Y19;Q8TE68_T688;Q8TE68_S580;Q8TE68_Y529;Q8TE68_S701;Q9Y2A7_K1040;Q9Y2A7_T914;Q9Y2A7_S631;Q9Y2A7_K401;Q9H6S3_T483;Q9H6S3_T303;Q9H6S3_T184;Q9H6S3_T654;Q9H6S3_T572;Q9H6S3_T469;Q9H6S3_T490;Q9H6S3_K178;Q9H6S3_T625;Q9H6S3_T682;Q07890_S393;Q07890_S1032;Q07890_S1132;Q07890_S1258;Q07890_S1168;Q07890_Y346;Q07890_K658;Q07890_S791;Q07890_S1047;Q07890_S1202;Q07890_S1315;Q07890_S1128;Q07890_S1267;Q07890_S1260;Q07890_S1085;Q07890_S1081;Q07890_S521;Q07890_Y213;P08631_S462;P08631_Y515;P08631_S57;P08631_K228;P08631_Y127;P08631_K28;P08631_K124;P08631_Y51;P08631_K286;P08631_K283;P12931_S35;P12931_T524;P12931_S70;P12931_S75;P12931_K184;P12931_T183;P12931_S17;P12931_K62;P12931_Y95;P12931_Y93;P12931_Y152;P12931_Y522;P12931_Y232;P12931_Y233;P00519_S639;P00519_Y245;P00519_S739;P00519_S737;P00519_S588;Q9UQB8_Y164;Q9UQB8_Y178;P46108_S194;P46108_K189;P46108_K189;P46108_A2;P46108_T228;P46108_S96;P46108_S304;P46108_Y221;P46108_S121;P46108_S125;P46108_Y136;P46108_K154;Q92558_S397;Q92558_S441;Q92558_S249;Q92558_K162;Q92558_S321;Q92558_S536;Q92558_S251;Q92558_T490;Q92558_Y543;Q92558_S489;Q92558_S336;Q92558_S310,,,,,,,,,,,ABL1->INDUCES;BAIAP2->INDUCES;CRK->INDUCES;CYFIP2->INDUCES;ENAH->INDUCES;EPS8->INDUCES;EPS8L1->INDUCES;EPS8L2->INDUCES;EPS8L3->INDUCES;HCK->INDUCES;MAPK1->REGULATES;MAPK3->REGULATES;MYC->INDUCES;NCK1->INDUCES;NCKAP1->INDUCES;SOS1->INDUCES;SOS2->INDUCES;SRC->INDUCES;WAS->INDUCES;WASF1->INDUCES;WASF2->INDUCES,
SE_96,P83876-1_K51,TXNL4A,P83876,P83876-1,Canonical,K,51,Ubiquitination,MDEVLYSIAEkVKNFAVIYLV,YSIAEkLP*RL,YSIAEkEQAHH,Second,True,-0.272,3.21555129836e-05,True,SE,,,,,,,,,,DOC_PP2A_B56_1;LIG_PDZ_Class_2;MOD_CK2_1,,P62312_K13;P62312_K23;P62312_K59;Q8TAI7_K162;P62310_T10;O95400_T150;O95400_S46;O95400_S195;O95400_S141;O95400_S194;O95400_K333;O95400_S139;O95400_S49;Q15393_K700;Q15393_K936;Q15393_K936;Q15393_K965;Q15393_K96;Q15393_K1074;Q15393_S133;Q15393_T1200;Q15393_K139;Q15393_K126;Q15393_K109;Q53GS9_K445;Q53GS9_K428;Q53GS9_S42;Q53GS9_S43;Q53GS9_S82;Q53GS9_Y191;Q53GS9_S46;Q53GS9_S97;Q53GS9_Y179;Q53GS9_S352;Q53GS9_Y173;O75643_K1544;O75643_S225;O75643_K1421;O75643_K426;O75643_K426;O75643_Y922;O75643_Y924;O75643_Y2021;O75643_Y926;O75643_K770;O75643_T570;O75643_K971;O75643_K971;O75643_K1961;O75643_T389;O75643_K1431;O75643_K46;O75643_K1603;O75643_K254;O75643_Y11;O75643_Y13;O75643_K1039;O75643_K557;O75643_S1022;O75643_S1021;O75643_S932;O75643_S1955;O75643_T1572;O75643_S1958;O75643_S1937;O75643_T731;O75643_S1931;O75643_T2131;O75643_T976;O75643_K1049;O75643_Y102;O75643_Y87;O75643_Y182;O75643_K2059;O75643_S2135;O75643_S2133;O75643_K577;O75643_K577;O75643_T1028;O75643_K1748;O75643_K479;O75643_K479;O75643_S1125;O75643_Y1959;O75643_K729;O75643_T239;O75643_Y199;O75643_Y217;O75643_T934;O75643_Y1177;O75643_S1056;O75643_K1672;O75643_K733;O75643_K469;O75643_K469;O75643_S17;O75643_Y1770;O75643_S1491;O75643_K944;O75643_K944;O75643_S1900;O75643_K1071;O75643_K2091;O75643_T597;O75643_K1199;O75643_Y540;O75643_S1554;O75643_K1176;O75643_K358;O75643_T606;O75643_S2002;O75643_S207;O75643_K1404;O75643_T589;O75643_K440;O75643_K1710;O75643_K2080;O75643_T583;O75643_Y1682;O75643_T1428;O75643_K711;O75643_S1541;O75643_S756;O75643_K284;O75643_K83;O75643_K1417;O75643_Y1754;O75643_S26;O75643_T1891;O75643_K1595;P52597_R212;P52597_R217;P52597_K14;P52597_R230;P52597_Y298;P52597_R232;P52597_K224;P52597_K224;P52597_S195;P52597_M1;P52597_M2;P52597_C34;P52597_Y246;P52597_K167;P52597_K167;P52597_Y266;P52597_C267;P52597_Y219;P52597_Y240;P52597_Y243;P52597_K200;P52597_R206;P52597_K72;P52597_K72;P52597_K347;P52597_K124;P52597_Y306;P52597_K87;P52597_K87;P52597_C22;P52597_Y180;P52597_Y389;P52597_S104;P52597_Y414;P52597_S107;P52597_K173;P52597_S363;P52597_S23;P52597_Y401;P52597_Y236;P52597_Y405;P52597_R262;P52597_K171;P52597_Y272;P52597_Y356;P52597_Y276;P52597_S203;P52597_M93;P52597_C290;P52597_Y253;P52597_K73;P52597_K73;P52597_K98;P52597_K98;P52597_K185;P52597_C122;P52597_S310;P52597_Y210;P52597_K299;P62316_S9;P62316_S2;P62316_S2;P62316_C63;P62316_K98;P62316_T12;P62316_K8;P62316_K118;P62316_K118;Q12874_Y61;Q12874_M1;Q12874_Y416;Q12874_Y479;Q12874_K489;Q12874_K489;Q12874_S299;Q12874_S295;Q12874_Y492;Q12874_S292;Q12874_S369;Q12874_S365;Q12874_Y414;Q12874_S367;Q12874_K24;Q12874_K24;Q12874_T491;Q12874_K390;Q12874_Y378;Q12874_T277;Q12874_S482;Q12874_K92;Q12874_T352;O43172_S483;O43172_K456;O43172_K27;O43172_K159;O43172_Y184;O43172_C225;O43172_Y32;O43172_Y31;O43172_K146;O43172_K147;O60828_Y33;O60828_Y245;Q9Y333_K88;Q9Y333_S65;Q9Y333_Y51;Q9Y333_S5;Q9Y333_S44;Q9Y333_K8;Q9Y333_Y4;Q9Y333_Y35;Q9Y333_K94;Q15029_S466;Q15029_T811;Q15029_H802;Q15029_H802;Q15029_H802;Q15029_Y847;Q15029_K681;Q15029_T484;Q15029_D230;Q15029_S948;Q15029_S19;Q15029_S613;Q15029_Y348;Q15029_K561;Q15029_S944;Q15029_T184;Q15029_K182;Q15029_Y453;Q15029_C780;Q15029_K581;Q15029_K581;Q15029_S671;Q15029_K941;Q15029_T749;Q15029_K480;Q15029_T168;Q15029_K654;Q15029_S183;Q15029_T515;Q15029_Y275;Q15029_K602;Q15029_C674;Q15029_T562;Q15029_K358;Q15029_K358;Q15029_K355;Q15029_K355;Q15029_D147;Q9UK45_K17;Q9UK45_Y62;Q9UK45_K21;Q9UK45_K38;Q9UK45_K7;Q9UK45_K63;Q9UK45_K9;Q9UK45_K8;P62318_R118;P62318_Y62;P62318_S2;P62318_S93;P62318_R114;P62318_R97;P62318_R110;P62318_K78;P62318_R112;P62318_K84;P62318_K87,,,,,,,,,,,CD2BP2->INDUCES;EFTUD2->INDUCES;HNRNPF->INDUCES;LSM2->INDUCES;LSM3->INDUCES;LSM6->INDUCES;LSM7->INDUCES;PQBP1->INDUCES;PRPF4->INDUCES;RHEBL1->INDUCES;SF3A3->INDUCES;SF3B3->INDUCES;SNRNP200->INDUCES;SNRPD2->INDUCES;SNRPD3->INDUCES;USP39->INDUCES,
SE_96,P83876-1_S47,TXNL4A,P83876,P83876-1,Canonical,S,47,Phosphorylation,TCMKMDEVLYsIAEKVKNFAV,DEVLYsIAEKL,DEVLYsIAEKE,Second,True,-0.272,3.21555129836e-05,False,SE,,,,,,,,,,DEG_Nend_UBRbox_1;DOC_PP2A_B56_1,,,,,,,,,,,,,,
SE_97,Q8TED4-1_K499,SLC37A2,Q8TED4,Q8TED4-1,Canonical,K,499,Ubiquitination,KVSLSRGSGYkEI        ,P*LLYkEI*GP,RGSGYkEI*GP,Second,True,-0.723,3.25823723092e-05,True,SE,,,,,,,,,,DEG_Nend_Nbox_1;LIG_LIR_Nem_3;MOD_CK1_1;MOD_GlcNHglycan;MOD_PKA_2;TRG_ENDOCYTIC_2,,,,,,,,,,,,,,
SE_99,P49815-2_K945,TSC2,P49815,P49815-2,Alternative,K,945,Ubiquitination,ARSTSLNERPkSRIQTSLTSA,LNERPkSLRIA,LNERPkSRIQT,First,True,-0.219,4.18472157275e-05,False,SE,,,,,,,,,,LIG_14-3-3_CterR_2;MOD_GSK3_1,,,,,,,,,,,,,,
SE_99,P49815-1_S946,TSC2,P49815,P49815-1,Canonical,S,946,Phosphorylation,RSTSLNERPKsLRIARPPKQG,NERPKsLRIAR,NERPKsRIQTS,First,True,-0.219,4.18472157275e-05,False,SE,,,,,,,,,,DOC_MAPK_JIP1_4;LIG_BIR_II_1;LIG_WD40_WDR5_VDV_2,,,,,,,,,,,,,,
SE_100,P56181-2_S53,NDUFV3,P56181,P56181-2,Alternative,S,53,Phosphorylation,KGQPQNSKKQsPPKNVVEPKE,NSKKQsPPKNV,NSKKQsPPKKP,First,True,0.094,5.93777417652e-05,False,SE,,,,,,,,,,DOC_USP7_MATH_1,,,,,,,,,,,,,,
SE_102,P35240-1_K579,NF2,P35240,P35240-1,Canonical,K,579,Ubiquitination,GGSSKHNTIKkLTLQSAKSRV,HNTIKkGMFLF,HNTIKkLTLQS,First,True,-0.38,7.10555370355e-05,False,SE,,,,,,,,,,CLV_PCSK_SKI1_1;DOC_CYCLIN_RxL_1;LIG_BIR_II_1;LIG_WD40_WDR5_VDV_2,,,,,,,,,,,,,,
SE_102,P35240-1_T581,NF2,P35240,P35240-1,Canonical,T,581,Phosphorylation,SSKHNTIKKLtLQSAKSRVAF,*ALKLtLQSAK,TIKKLtLQSAK,Second,True,-0.38,7.10555370355e-05,True,SE,,,,,,,,,,DOC_CYCLIN_RxL_1;MOD_GlcNHglycan,,O14964_S594;O14964_Y216;O14964_Y289;O14964_Y132;O14964_Y286;O14964_Y466;O14964_Y524;Q9H204_Y64;P15311_Y424;P15311_T425;P15311_Y478;P15311_Y499;P15311_Y146;P15311_Y354;P15311_T468;O00560_Y91;O00560_Y46;P31749_K30;P31749_S378;P31749_S477;P31749_T435;P31749_T479;P31749_S475;P31749_S129;P31749_S129;P31749_S129;P31749_S122;P31749_S126;P31749_S126;P31749_S126;P31749_S124;P31749_K377;P31749_K377;P31749_S137;P31749_T448;P31749_Y175;O14980_S395;O14980_K122;O14980_S387;O14980_S389;O14980_Y252;O14980_S1055;P04626_K716;P04626_S1078;P04626_S1051;P04626_S1054;P04626_S1214;P04626_K831;P04626_S189;P04626_S1113;P04626_S760;P04626_S1107;P04626_S998;P04626_S1049;P04626_K175;P04626_K722;P04626_S728;P04626_S1002;P04626_K150;P04626_S1007;Q9Y4B6_Y1365;P16070_S448;P16070_Y412;P16070_S717;P16070_T637;P16070_T637;P16070_S672;P16070_T638;P16070_T638;P16070_S291;P16070_T726;P16070_T720;P16070_R162;P16070_S305;P16070_N57;P16070_R186;P16070_S706;P16070_S704;P16070_G192;P05556_N363;P05556_S442;P05556_N376;P05556_S186;P05556_N669;P05556_N584,,,,,,,,,,,AKT1->INDUCES;CD44->INDUCES;DCAF1->INDUCES;ERBB2->INDUCES;EZR->INDUCES;HGS->INDUCES;ITGB1->INDUCES;MED28->INDUCES;SDCBP->INDUCES;XPO1->INDUCES,
SE_104,Q9UQB8-5_S509,BAIAP2,Q9UQB8,Q9UQB8-5,Alternative,S,509,Phosphorylation,SQGLDDYGARsMSSADVEVAR,DYGARsMSSAD,DYGARsMSRNP,First,True,-0.34,7.16514911836e-05,False,SE,,,,,,,,,,DEG_Nend_Nbox_1;LIG_14-3-3_CanoR_1;LIG_WD40_WDR5_VDV_2;MOD_GlcNHglycan,,,,,,,,,,,,,,
SE_104,Q9UQB8-5_S511,BAIAP2,Q9UQB8,Q9UQB8-5,Alternative,S,511,Phosphorylation,GLDDYGARSMsSADVEVARF ,GARSMsSADVE,GARSMsRNPFA,First,True,-0.34,7.16514911836e-05,False,SE,,,,,,,,,,DEG_Nend_UBRbox_2;LIG_14-3-3_CanoR_1;LIG_PDZ_Class_2;LIG_WD40_WDR5_VDV_2;MOD_CK1_1;MOD_GlcNHglycan,,,,,,,,,,,,,,
SE_105,Q6RW13-1_S126,AGTRAP,Q6RW13,Q6RW13-1,Canonical,S,126,Phosphorylation,ELLVHTGFLGsSQDRSAYQTI,GGFLGsSQDRS,HGFLGsSQDRS,Second,True,0.073,8.86527157995e-05,False,SE,,,,,,,,,,LIG_FHA_1;MOD_GSK3_1;MOD_PIKK_1,,,,,,,,,,,,,,
SE_109,Q13813-1_Y1073;Q13813-3_Y1053,SPTAN1,Q13813,Q13813-1,Canonical,Y,1073,Phosphorylation,SLRMKQVEELyHSLLELGEKR,QVEELyHSLLE,QIDNQyHSLLE,Second,True,-0.064,0.000139885703868,False,SE,,,,,SRC,,,,,DEG_Nend_UBRbox_1;LIG_PDZ_Class_2;LIG_WD40_WDR5_VDV_2;MOD_CK2_1;MOD_Plk_4,,,,,,,,,,,,,SRC->REGULATES,
SE_109,Q13813-1_S1075,SPTAN1,Q13813,Q13813-1,Canonical,S,1075,Phosphorylation,RMKQVEELYHsLLELGEKRKG,EELYHsLLELG,DNQYHsLLELG,Second,True,-0.064,0.000139885703868,False,SE,,,,,,,,,,DEG_Nend_UBRbox_3;LIG_LIR_Gen_1;LIG_LIR_Nem_3;LIG_SH2_CRK;LIG_SUMO_SIM_par_1;LIG_WD40_WDR5_VDV_2;TRG_ENDOCYTIC_2,,,,,,,,,,,,,,
SE_114,Q8WWI1-3_T354,LMO7,Q8WWI1,Q8WWI1-3,Alternative,T,354,Phosphorylation,ASPVYTEADGtFSRLFQKIYG,TEADGtFSRLF,TEADGtFSRSK,First,True,0.116,0.000185088366849,False,SE,,,,,,,,,,CLV_C14_Caspase3-7;DEG_Cend_TRIM7_1;DEG_CRBN_cyclicCter_1;LIG_BRCT_BRCA1_1;LIG_FHA_2;LIG_LIR_Gen_1;LIG_LIR_Nem_3;LIG_Pex14_2;LIG_SH2_STAT5,,,,,,,,,,,,,,
SE_114,Q8WWI1-3_S356,LMO7,Q8WWI1,Q8WWI1-3,Alternative,S,356,Phosphorylation,PVYTEADGTFsRLFQKIYGEN,ADGTFsRLFQK,ADGTFsRSKSM,First,True,0.116,0.000185088366849,False,SE,,,,,,,,,,CLV_C14_Caspase3-7;LIG_LIR_Gen_1;LIG_LIR_Nem_3;LIG_Pex14_2,,,,,,,,,,,,,,
SE_114,Q8WWI1-3_S370,LMO7,Q8WWI1,Q8WWI1-3,Alternative,S,370,Phosphorylation,QKIYGENGSKsMSDVSAEDVQ,ENGSKsMSDVS,FSRSKsMSDVS,Second,True,0.116,0.000185088366849,False,SE,,,,,,,,,,DEG_Nend_Nbox_1;LIG_PDZ_Class_2;LIG_WD40_WDR5_VDV_2;MOD_GSK3_1;MOD_N-GLC_1,,,,,,,,,,,,,,
SE_115,Q6RW13-1_S126,AGTRAP,Q6RW13,Q6RW13-1,Canonical,S,126,Phosphorylation,ELLVHTGFLGsSQDRSAYQTI,TGFLGsSQDRS,HGFLGsSQDRS,Second,True,0.135,0.000185478567309,False,SE,,,,,,,,,,LIG_FHA_1;MOD_GSK3_1;MOD_PIKK_1,,,,,,,,,,,,,,
SE_119,P16070-1_T222,CD44,P16070,P16070-1,Canonical,T,222,Phosphorylation,ITDSTDRIPAtTLMSTSATAT,DRIPAtSTSSN,DRIPAtNMDSS,First,True,-0.127,0.000299894370815,False,SE,,,,,,,,,,LIG_BIR_II_1;MOD_GSK3_1;MOD_Plk_4,,P09038_R96;P09038_R108;P09038_R98;P09038_R110;P09038_R112;P09038_R82;P09038_R84;P09038_R86;P09038_T65;P09038_T254;P01730_K453;P01730_C419;P01730_T70;P01730_S67;P01730_N325;P04637_H115;P04637_S378;P04637_K101;P04637_Y327;P04637_S9;P04637_K321;P04637_K321;P04637_K321;P04637_K357;P04637_T312;P04637_K351;P04637_K372;P04637_K372;P04637_K372;P04637_K372;P04637_K292;P04637_K292;P04637_T377;P00533_T648;P00533_N578;P00533_N175;P00533_C311;P00533_T1046;P00533_T1085;P00533_N568;P00533_C470;P00533_N196;P00533_C190;P00533_C291;P00533_T1191;P00533_T1078;P00533_C329;P00533_S174;P00533_N528;P00533_S1162;P00533_T1145;P04233_C44;P04233_K170;P04233_K80;P04626_S1235;P04626_S1078;P04626_S1051;P04626_S1050;P04626_S1054;P04626_S1214;P04626_S1151;P04626_S1113;P04626_S1134;P04626_S653;P04626_S1107;P04626_S998;P04626_S1122;P04626_S728;P04626_S1083;P04626_S1002;P04626_S703;P04626_S1007;Q13009_T992;Q13009_Y141;Q13009_Y1414;Q13009_Y1323;Q13009_K1397;Q13009_Y135;Q13009_Y152;Q13009_S1020;Q13009_Y829;P11171_S200;P03956_L102;P06239_T35;P06239_Y25;P06239_T50;P06239_S158;P15311_T576;P15311_T425;P15311_Y205;P15311_Y201;P15311_Y128;P15311_S539;P15311_T214;P15311_T533;P15311_Y191;P15311_T567;Q15303_N174;Q15303_M993;P35240_Y207;P35240_Y221;P35240_Y144;P35240_Y217;P12931_Y439;P12931_Y530;P12931_Y187;P12931_Y329;P12931_C501;P12931_K62;P12931_Y419;P12931_Y139;P12931_Y134;P12931_Y522;P12931_Y216;P26038_K391;P08575_Y926;P08575_S456;P08575_Y689;P08575_Y544,,,,,,,,,,,CD4->INDUCES;CD74->INDUCES;EGFR->INDUCES;EPB41->INDUCES;ERBB2->INDUCES;ERBB4->INDUCES;EZR->INDUCES;FGF2->INDUCES;LCK->INDUCES;MMP1->INDUCES;MSN->INDUCES;NF2->INDUCES;PTPRC->INDUCES;SRC->INDUCES;TIAM1->INDUCES;TP53->INDUCES,
SE_123,P16070-1_T222,CD44,P16070,P16070-1,Canonical,T,222,Phosphorylation,ITDSTDRIPAtTLMSTSATAT,DRIPAtKQSNS,DRIPAtRDQDT,First,True,-0.088,0.000660083944775,False,SE,,,,,,,,,,LIG_BIR_II_1;MOD_GSK3_1;MOD_Plk_4,,P09038_R96;P09038_R108;P09038_R98;P09038_R110;P09038_R112;P09038_R82;P09038_R84;P09038_R86;P09038_T65;P09038_T254;P01730_K453;P01730_C419;P01730_T70;P01730_S67;P01730_N325;P04637_H115;P04637_S378;P04637_K101;P04637_Y327;P04637_S9;P04637_K321;P04637_K321;P04637_K321;P04637_K357;P04637_T312;P04637_K351;P04637_K372;P04637_K372;P04637_K372;P04637_K372;P04637_K292;P04637_K292;P04637_T377;P00533_T648;P00533_N578;P00533_N175;P00533_C311;P00533_T1046;P00533_T1085;P00533_N568;P00533_C470;P00533_N196;P00533_C190;P00533_C291;P00533_T1191;P00533_T1078;P00533_C329;P00533_S174;P00533_N528;P00533_S1162;P00533_T1145;P04233_C44;P04233_K170;P04233_K80;P04626_S1235;P04626_S1078;P04626_S1051;P04626_S1050;P04626_S1054;P04626_S1214;P04626_S1151;P04626_S1113;P04626_S1134;P04626_S653;P04626_S1107;P04626_S998;P04626_S1122;P04626_S728;P04626_S1083;P04626_S1002;P04626_S703;P04626_S1007;Q13009_T992;Q13009_Y141;Q13009_Y1414;Q13009_Y1323;Q13009_K1397;Q13009_Y135;Q13009_Y152;Q13009_S1020;Q13009_Y829;P11171_S200;P03956_L102;P06239_T35;P06239_Y25;P06239_T50;P06239_S158;P15311_T576;P15311_T425;P15311_Y205;P15311_Y201;P15311_Y128;P15311_S539;P15311_T214;P15311_T533;P15311_Y191;P15311_T567;Q15303_N174;Q15303_M993;P35240_Y207;P35240_Y221;P35240_Y144;P35240_Y217;P12931_Y439;P12931_Y530;P12931_Y187;P12931_Y329;P12931_C501;P12931_K62;P12931_Y419;P12931_Y139;P12931_Y134;P12931_Y522;P12931_Y216;P26038_K391;P08575_Y926;P08575_S456;P08575_Y689;P08575_Y544,,,,,,,,,,,CD4->INDUCES;CD74->INDUCES;EGFR->INDUCES;EPB41->INDUCES;ERBB2->INDUCES;ERBB4->INDUCES;EZR->INDUCES;FGF2->INDUCES;LCK->INDUCES;MMP1->INDUCES;MSN->INDUCES;NF2->INDUCES;PTPRC->INDUCES;SRC->INDUCES;TIAM1->INDUCES;TP53->INDUCES,
SE_124,P16070-1_T222,CD44,P16070,P16070-1,Canonical,T,222,Phosphorylation,ITDSTDRIPAtTLMSTSATAT,DRIPAtKQSNS,DRIPAtNRNDV,First,True,-0.104,0.000668653300271,False,SE,,,,,,,,,,LIG_BIR_II_1;MOD_GSK3_1;MOD_Plk_4,,P09038_R96;P09038_R108;P09038_R98;P09038_R110;P09038_R112;P09038_R82;P09038_R84;P09038_R86;P09038_T65;P09038_T254;P01730_K453;P01730_C419;P01730_T70;P01730_S67;P01730_N325;P04637_H115;P04637_S378;P04637_K101;P04637_Y327;P04637_S9;P04637_K321;P04637_K321;P04637_K321;P04637_K357;P04637_T312;P04637_K351;P04637_K372;P04637_K372;P04637_K372;P04637_K372;P04637_K292;P04637_K292;P04637_T377;P00533_T648;P00533_N578;P00533_N175;P00533_C311;P00533_T1046;P00533_T1085;P00533_N568;P00533_C470;P00533_N196;P00533_C190;P00533_C291;P00533_T1191;P00533_T1078;P00533_C329;P00533_S174;P00533_N528;P00533_S1162;P00533_T1145;P04233_C44;P04233_K170;P04233_K80;P04626_S1235;P04626_S1078;P04626_S1051;P04626_S1050;P04626_S1054;P04626_S1214;P04626_S1151;P04626_S1113;P04626_S1134;P04626_S653;P04626_S1107;P04626_S998;P04626_S1122;P04626_S728;P04626_S1083;P04626_S1002;P04626_S703;P04626_S1007;Q13009_T992;Q13009_Y141;Q13009_Y1414;Q13009_Y1323;Q13009_K1397;Q13009_Y135;Q13009_Y152;Q13009_S1020;Q13009_Y829;P11171_S200;P03956_L102;P06239_T35;P06239_Y25;P06239_T50;P06239_S158;P15311_T576;P15311_T425;P15311_Y205;P15311_Y201;P15311_Y128;P15311_S539;P15311_T214;P15311_T533;P15311_Y191;P15311_T567;Q15303_N174;Q15303_M993;P35240_Y207;P35240_Y221;P35240_Y144;P35240_Y217;P12931_Y439;P12931_Y530;P12931_Y187;P12931_Y329;P12931_C501;P12931_K62;P12931_Y419;P12931_Y139;P12931_Y134;P12931_Y522;P12931_Y216;P26038_K391;P08575_Y926;P08575_S456;P08575_Y689;P08575_Y544,,,,,,,,,,,CD4->INDUCES;CD74->INDUCES;EGFR->INDUCES;EPB41->INDUCES;ERBB2->INDUCES;ERBB4->INDUCES;EZR->INDUCES;FGF2->INDUCES;LCK->INDUCES;MMP1->INDUCES;MSN->INDUCES;NF2->INDUCES;PTPRC->INDUCES;SRC->INDUCES;TIAM1->INDUCES;TP53->INDUCES,
SE_128,Q16222-1_K472,UAP1,Q16222,Q16222-1,Canonical,K,472,Acetylation,TITADVNHNLkDANDVPIQCE,VNHNLkDANDV,AIPRLkDANDV,Second,True,-0.139,0.000895542396475,False,SE,,,,,,,,,,LIG_BIR_II_1,,,,,,,,,,,,,,
SE_128,Q16222-1_K472,UAP1,Q16222,Q16222-1,Canonical,K,472,Ubiquitination,TITADVNHNLkDANDVPIQCE,VNHNLkDANDV,AIPRLkDANDV,Second,True,-0.139,0.000895542396475,False,SE,,,,,,,,,,LIG_BIR_II_1,,,,,,,,,,,,,,
SE_129,Q8N3D4-1_S430,EHBP1L1,Q8N3D4,Q8N3D4-1,Canonical,S,430,Phosphorylation,AVCQVDAEQRsKVRHVDTKGP,DAEQRsKAQEA,DAEQRsKAPPA,First,True,-0.12,0.00138537668437,False,SE,,,,,,,,,,DEG_Nend_UBRbox_3,,,,,,,,,,,,,,
SE_131,Q9H8M2-5_K513,BRD9,Q9H8M2,Q9H8M2-5,Canonical,K,513,Ubiquitination,SMLSSLGKVKkELDPDDSHLN,PGKVKkELDPD,*GKVKkELDPD,First,True,-0.177,0.00218250542709,True,SE,,,,,,,,,,LIG_BIR_II_1;MOD_SUMO_for_1,,,,,,,,,,,,,,
SE_132,Q9NV70-1_K441,EXOC1,Q9NV70,Q9NV70-1,Canonical,K,441,Ubiquitination,IKMTGTTKESkKFATLPRKES,TTKESkKFATL,TTKESkKFGLH,First,True,-0.189,0.00303184199789,False,SE,,,,,,,,,,CLV_PCSK_SKI1_1;DOC_USP7_UBL2_3;LIG_BRCT_BRCA1_1;LIG_FHA_2;LIG_LIR_Gen_1;LIG_LIR_Nem_3;LIG_WD40_WDR5_VDV_2,,,,,,,,,,,,,,
SE_132,Q9NV70-1_S463;Q9NV70-2_S448,EXOC1,Q9NV70,Q9NV70-1,Canonical,S,463,Phosphorylation,VKQETESLHGsSGKLTGSTSS,ESLHGsSGKLT,FGLHGsSGKLT,Second,True,-0.189,0.00303184199789,False,SE,,,,,,,,,,DEG_Nend_UBRbox_2;MOD_GlcNHglycan;MOD_GSK3_1,,,,,,,,,,,,,,
SE_132,Q9NV70-2_S449,EXOC1,Q9NV70,Q9NV70-2,Alternative,S,449,Phosphorylation,ESKKFGLHGSsGKLTGSTSSL,SLHGSsGKLTG,GLHGSsGKLTG,Second,True,-0.189,0.00303184199789,False,SE,,,,,,,,,,DEG_Nend_UBRbox_1,,,,,,,,,,,,,,
SE_133,Q7Z403-1_K409,TMC6,Q7Z403,Q7Z403-1,Canonical,K,409,Ubiquitination,LQQDNIRTRLkELLAEWQLRH,IRTRLkELLAE,IRTRLkSPEAA,Second,True,0.078,0.0033956335362,False,SE,,,,,,,,,,DEG_APCC_DBOX_1;DEG_Nend_UBRbox_2;LIG_NRBOX;TRG_ER_diArg_1,,,,,,,,,,,,,,
SE_133,Q7Z403-1_T406,TMC6,Q7Z403,Q7Z403-1,Canonical,T,406,Phosphorylation,ASRLQQDNIRtRLKELLAEWQ,QDNIRtRLKEL,QDNIRtRLKSP,Second,True,0.078,0.0033956335362,False,SE,,,,,,,,,,DEG_APCC_DBOX_1;DEG_Nend_Nbox_1;LIG_PDZ_Class_3;TRG_ER_diArg_1,,,,,,,,,,,,,,
SE_134,P42167-2_K225;P42167-1_K334,TMPO,P42167,P42167-1,Canonical,K,334,Acetylation,KPLTRAEVGEkTEERRVERDI,AEVGEkTEERR,NQVGEkTEERR,Second,True,-0.095,0.00357667112572,False,SE,,,,,,,,,,CLV_NRD_NRD_1;CLV_PCSK_KEX2_1;LIG_WD40_WDR5_VDV_2;TRG_ER_diArg_1,,,,,,,,,,,,,,
SE_134,P42167-2_K225;P42167-1_K334,TMPO,P42167,P42167-1,Canonical,K,334,Ubiquitination,KPLTRAEVGEkTEERRVERDI,AEVGEkTEERR,NQVGEkTEERR,Second,True,-0.095,0.00357667112572,False,SE,,,,,,,,,,CLV_NRD_NRD_1;CLV_PCSK_KEX2_1;LIG_WD40_WDR5_VDV_2;TRG_ER_diArg_1,,,,,,,,,,,,,,
SE_134,P42167-1_T335;P42167-2_T226,TMPO,P42167,P42167-1,Canonical,T,335,Phosphorylation,PLTRAEVGEKtEERRVERDIL,EVGEKtEERRV,QVGEKtEERRV,Second,True,-0.095,0.00357667112572,False,SE,,,,,,,,,,CLV_NRD_NRD_1;CLV_PCSK_KEX2_1;DEG_Nend_UBRbox_1;TRG_ER_diArg_1,,,,,,,,,,,,,,
SE_135,Q3B7T1-1_K301,C10orf137,Q3B7T1,Q3B7T1-1,Canonical,K,301,Ubiquitination,FNDGEHSQGLkNDFVRNILWT,HSQGLkNDFVR,SSQGLkNDFVR,Second,True,-0.271,0.00384033064132,False,SE,,,,,,,,,,DEG_CRBN_cyclicCter_1;MOD_PIKK_1,,,,,,,,,,,,,,
SE_139,P30622-2_T459,CLIP1,P30622,P30622-2,Alternative,T,459,Phosphorylation,SITKGDLEVAtVSEKSRIMEL,DTRVAtVSEKS,DLEVAtVSEKS,First,True,0.058,0.00427500951884,False,SE,,,,,,,,,,DEG_Cend_FEM1AC_1;DEG_Nend_UBRbox_1;DOC_USP7_MATH_1;LIG_NRP_CendR_1;LIG_WD40_WDR5_VDV_2,,,,,,,,,,,,,,
SE_140,P16070-1_T222,CD44,P16070,P16070-1,Canonical,T,222,Phosphorylation,ITDSTDRIPAtTLMSTSATAT,DRIPAtTLMST,DRIPAtNMDSS,First,True,-0.063,0.00513746329616,False,SE,,,,,,,,,,LIG_BIR_II_1;MOD_GSK3_1;MOD_Plk_4,,P09038_R96;P09038_R108;P09038_R98;P09038_R110;P09038_R112;P09038_R82;P09038_R84;P09038_R86;P09038_T65;P09038_T254;P01730_K453;P01730_C419;P01730_T70;P01730_S67;P01730_N325;P04637_H115;P04637_S378;P04637_K101;P04637_Y327;P04637_S9;P04637_K321;P04637_K321;P04637_K321;P04637_K357;P04637_T312;P04637_K351;P04637_K372;P04637_K372;P04637_K372;P04637_K372;P04637_K292;P04637_K292;P04637_T377;P00533_T648;P00533_N578;P00533_N175;P00533_C311;P00533_T1046;P00533_T1085;P00533_N568;P00533_C470;P00533_N196;P00533_C190;P00533_C291;P00533_T1191;P00533_T1078;P00533_C329;P00533_S174;P00533_N528;P00533_S1162;P00533_T1145;P04233_C44;P04233_K170;P04233_K80;P04626_S1235;P04626_S1078;P04626_S1051;P04626_S1050;P04626_S1054;P04626_S1214;P04626_S1151;P04626_S1113;P04626_S1134;P04626_S653;P04626_S1107;P04626_S998;P04626_S1122;P04626_S728;P04626_S1083;P04626_S1002;P04626_S703;P04626_S1007;Q13009_T992;Q13009_Y141;Q13009_Y1414;Q13009_Y1323;Q13009_K1397;Q13009_Y135;Q13009_Y152;Q13009_S1020;Q13009_Y829;P11171_S200;P03956_L102;P06239_T35;P06239_Y25;P06239_T50;P06239_S158;P15311_T576;P15311_T425;P15311_Y205;P15311_Y201;P15311_Y128;P15311_S539;P15311_T214;P15311_T533;P15311_Y191;P15311_T567;Q15303_N174;Q15303_M993;P35240_Y207;P35240_Y221;P35240_Y144;P35240_Y217;P12931_Y439;P12931_Y530;P12931_Y187;P12931_Y329;P12931_C501;P12931_K62;P12931_Y419;P12931_Y139;P12931_Y134;P12931_Y522;P12931_Y216;P26038_K391;P08575_Y926;P08575_S456;P08575_Y689;P08575_Y544,,,,,,,,,,,CD4->INDUCES;CD74->INDUCES;EGFR->INDUCES;EPB41->INDUCES;ERBB2->INDUCES;ERBB4->INDUCES;EZR->INDUCES;FGF2->INDUCES;LCK->INDUCES;MMP1->INDUCES;MSN->INDUCES;NF2->INDUCES;PTPRC->INDUCES;SRC->INDUCES;TIAM1->INDUCES;TP53->INDUCES,
SE_146,Q9BUM1-1_R138,G6PC3,Q9BUM1,Q9BUM1-1,Canonical,R,138,Methylation,ALSSQVATRArSRWVRVMPSL,VATRArSRWVR,VATRArRRCPG,First,True,0.121,0.00788070086659,False,SE,,,,,,,,,,LIG_BIR_II_1;LIG_LIR_Gen_1;LIG_LIR_Nem_3;LIG_PDZ_Class_2;LIG_WD40_WDR5_VDV_2;MOD_GSK3_1,,,,,,,,,,,,,,
SE_147,Q13129-1_K205,RLF,Q13129,Q13129-1,Canonical,K,205,Ubiquitination,QQPVETEEVNkLIAQEGPSFL,GILVNkLIAQE,TEEVNkLIAQE,Second,True,-0.114,0.00815169175834,False,SE,,,,,,,,,,LIG_FHA_1;TRG_DiLeu_BaEn_1,,,,,,,,,,,,,,
SE_148,Q15149-1_T2615,PLEC,Q15149,Q15149-1,Canonical,T,2615,Phosphorylation,LLQLKSEEMQtVQQEQLLQET,SEEMQtVQQEQ,EEEMQtVQQEQ,First,True,-0.075,0.00839017187432,False,SE,,,,,,,,,,DEG_Nend_Nbox_1;LIG_PDZ_Class_3;MOD_SUMO_for_1,,,,,,,,,,,,,,
SE_149,Q10567-3_K919;Q10567-4_K899,AP1B1,Q10567,Q10567-3,Alternative,K,919,Ubiquitination,PGNPSCTLSLkCRAPEVSQHV,LELSLkCRAPE,CTLSLkCRAPE,First,True,0.36,0.00860368620819,False,SE,,,,,,,,,,LIG_FHA_1;LIG_WD40_WDR5_VDV_2,,,,,,,,,,,,,,
SE_153,Q86X29-1_Y309,LSR,Q86X29,Q86X29-1,Canonical,Y,309,Phosphorylation,PDKCCCPEALyAAGKAATSGV,CPEALyAAGKA,GPIEVyAAGKA,Second,True,0.068,0.0111190652523,False,SE,,,,,,,,,,DEG_Nend_UBRbox_4,,,,,,,,,,,,,,
SE_153,Q86X29-1_K313,LSR,Q86X29,Q86X29-1,Canonical,K,313,Ubiquitination,CCPEALYAAGkAATSGVPSIY,LYAAGkAATSG,VYAAGkAATSG,Second,True,0.068,0.0111190652523,False,SE,,,,,,,,,,DEG_Nend_UBRbox_2;DOC_USP7_MATH_1;LIG_PDZ_Class_1;MOD_GlcNHglycan,,,,,,,,,,,,,,
SE_155,P49757-2_T367,NUMB,P49757,P49757-2,Alternative,T,367,Phosphorylation,VAPQSPTFQGtEWGQSSGAAS,ATCSGtEWGQS,PTFQGtEWGQS,First,True,-0.124,0.0198570867172,False,SE,,,,,,,,,,DEG_Nend_UBRbox_3;LIG_Arc_Nlobe_1;LIG_BRCT_BRCA1_1,,,,,,,,,,,,,,
SE_155,P49757-2_T363,NUMB,P49757,P49757-2,Alternative,T,363,Phosphorylation,PVTVVAPQSPtFQGTEWGQSS,APQSPtFQANG,APQSPtFQGTE,Second,True,-0.124,0.0198570867172,False,SE,,,,,,,,,,DOC_WW_Pin1_4;LIG_Arc_Nlobe_1;LIG_BRCT_BRCA1_1;LIG_SH3_3;MOD_ProDKin_1,,,,,,,,,,,,,,
SE_158,O95297-1_Y200;O95297-3_Y200,MPZL1,O95297,O95297-1,Canonical,Y,200,Phosphorylation,LYRRKNSKRDyTGCSTSESLS,NSKRDyTGCST,NSKRDyTGAQS,First,True,-0.061,0.0209813958148,False,SE,,,,,,,,,,CLV_PCSK_KEX2_1;CLV_PCSK_PC1ET2_1;CLV_PCSK_PC7_1;DEG_Nend_UBRbox_1;MOD_GSK3_1;MOD_PKA_1,,P12931_S190;P12931_T74;P12931_T526;P12931_T420;P12931_T524;P12931_Y338;P12931_T72;P12931_Y439;P12931_S70;P12931_G2;P12931_K301;P12931_K184;P12931_T183;P12931_T182;P12931_Y530;P12931_Y187;P12931_Y329;P12931_T99;P12931_S306;P12931_T456;P12931_S128;P12931_S104;P12931_T511;P12931_K430;P12931_S180;P12931_S69;P12931_Y419;P12931_Y95;P12931_Y93;P12931_Y152;P12931_K319;P12931_K319;P12931_Y139;P12931_Y134;P12931_T218;P12931_Y522;P12931_S137;P12931_T460;P12931_Y216;P12931_T304;P12931_Y233,,,,,,,,,,,SRC->INDUCES,
SE_158,O95297-1_T201,MPZL1,O95297,O95297-1,Canonical,T,201,Phosphorylation,YRRKNSKRDYtGCSTSESLSP,SKRDYtGCSTS,SKRDYtGAQSY,First,True,-0.061,0.0209813958148,False,SE,,,,,,,,,,CLV_PCSK_KEX2_1;CLV_PCSK_PC1ET2_1;DEG_Nend_UBRbox_1;MOD_CK2_1,,,,,,,,,,,,,,
SE_158,O95297-3_S205,MPZL1,O95297,O95297-3,Alternative,S,205,Phosphorylation,NSKRDYTGAQsYMHS      ,LTRAQsYMHS*,YTGAQsYMHS*,Second,True,-0.061,0.0209813958148,True,SE,,,,,,,,,,DEG_Nend_UBRbox_1;LIG_SH2_STAT5,,,,,,,,,,,,,,
SE_158,O95297-3_Y206,MPZL1,O95297,O95297-3,Alternative,Y,206,Phosphorylation,SKRDYTGAQSyMHS       ,TRAQSyMHS*T,TGAQSyMHS*T,Second,True,-0.061,0.0209813958148,True,SE,,,,,,,,,,DEG_Nend_UBRbox_2;LIG_SH2_STAT5;MOD_GSK3_1,,,,,,,,,,,,,,
SE_158,O95297-1_Y241,MPZL1,O95297,O95297-1,Canonical,Y,241,Phosphorylation,PSGSHQGPVIyAQLDHSGGHH,QGPVIyAQLDH,WGPVIyAQLDH,Second,True,-0.061,0.0209813958148,False,SE,"cell adhesion, altered",SHP-2(INDUCES),,"molecular association, regulation",SRC,,,,,LIG_BIR_II_1,,P12931_S190;P12931_T74;P12931_T526;P12931_T420;P12931_T524;P12931_Y338;P12931_T72;P12931_Y439;P12931_S70;P12931_G2;P12931_K301;P12931_K184;P12931_T183;P12931_T182;P12931_Y530;P12931_Y187;P12931_Y329;P12931_T99;P12931_S306;P12931_T456;P12931_S128;P12931_S104;P12931_T511;P12931_K430;P12931_S180;P12931_S69;P12931_Y419;P12931_Y95;P12931_Y93;P12931_Y152;P12931_K319;P12931_K319;P12931_Y139;P12931_Y134;P12931_T218;P12931_Y522;P12931_S137;P12931_T460;P12931_Y216;P12931_T304;P12931_Y233,PTPN11,SRC,,,,,,,,,PTPN11->INDUCES;SRC->INDUCES;SRC->REGULATES,SRC
SE_159,P42167-2_K225;P42167-1_K334,TMPO,P42167,P42167-1,Canonical,K,334,Acetylation,KPLTRAEVGEkTEERRVERDI,SLVGEkTEERR,NQVGEkTEERR,Second,True,-0.196,0.0209813958148,False,SE,,,,,,,,,,CLV_NRD_NRD_1;CLV_PCSK_KEX2_1;LIG_WD40_WDR5_VDV_2;TRG_ER_diArg_1,,,,,,,,,,,,,,
SE_159,P42167-2_K225;P42167-1_K334,TMPO,P42167,P42167-1,Canonical,K,334,Ubiquitination,KPLTRAEVGEkTEERRVERDI,SLVGEkTEERR,NQVGEkTEERR,Second,True,-0.196,0.0209813958148,False,SE,,,,,,,,,,CLV_NRD_NRD_1;CLV_PCSK_KEX2_1;LIG_WD40_WDR5_VDV_2;TRG_ER_diArg_1,,,,,,,,,,,,,,
SE_159,P42167-1_T335;P42167-2_T226,TMPO,P42167,P42167-1,Canonical,T,335,Phosphorylation,PLTRAEVGEKtEERRVERDIL,LVGEKtEERRV,QVGEKtEERRV,Second,True,-0.196,0.0209813958148,False,SE,,,,,,,,,,CLV_NRD_NRD_1;CLV_PCSK_KEX2_1;DEG_Nend_UBRbox_1;TRG_ER_diArg_1,,,,,,,,,,,,,,
SE_161,O43318-1_T403,MAP3K7,O43318,O43318-1,Canonical,T,403,Phosphorylation,SEIEARIAATtAYSKPKRGHR,RIAATtAYSKP,RIAATtGNGQP,Second,True,-0.257,0.0229646836607,False,SE,,,,,,,,,,DEG_Nend_UBRbox_2;LIG_14-3-3_CanoR_1;LIG_LIR_Apic_2;LIG_SH2_CRK;LIG_WD40_WDR5_VDV_2;MOD_GSK3_1,,,,,,,,,,,,,,
SE_163,Q7KZI7-1_K641,MARK2,Q7KZI7,Q7KZI7-1,Canonical,K,641,Ubiquitination,SGSIFSKFTSkFVRRNLSFRF,SKFTSkFVRRN,SKFTSkFVRRP,First,True,-0.452,0.0252377014491,False,SE,,,,,,,,,,CLV_NRD_NRD_1;CLV_PCSK_KEX2_1;DEG_Nend_Nbox_1;LIG_Pex14_2;MOD_CK1_1;TRG_ER_diArg_1,,,,,,,,,,,,,,
SE_166,O43663-1_S580,PRC1,O43663,O43663-1,Canonical,S,580,Phosphorylation,FSINSVASTYsEFAKDPSLSD,VASTYsEFAKD,VASTYsEFADS,Second,True,0.203,0.0330240714063,False,SE,,,,,,,,,,DEG_Nend_UBRbox_3;LIG_FHA_2;LIG_LIR_Gen_1;LIG_LIR_Nem_3;MOD_CK1_1;MOD_CK2_1;TRG_ENDOCYTIC_2,,,,,,,,,,,,,,
SE_166,O43663-1_Y579,PRC1,O43663,O43663-1,Canonical,Y,579,Phosphorylation,NFSINSVASTySEFAKDPSLS,SVASTySEFAK,SVASTySEFAD,Second,True,0.203,0.0330240714063,False,SE,,,,,,,,,,DEG_Nend_Nbox_1;LIG_FHA_2;MOD_CK1_1;MOD_CK2_1,,,,,,,,,,,,,,
SE_168,Q9BQ69-1_Y321,MACROD1,Q9BQ69,Q9BQ69-1,Canonical,Y,321,Phosphorylation,EDIYRSRLPHyFPVA      ,SRLPHyFPVA*,SRLPHyFPVDP,Second,True,-0.088,0.034524985452,True,SE,,,,,,,,,,DEG_Nend_Nbox_1;TRG_ER_diArg_1,,,,,,,,,,,,,,
SE_170,O94979-1_K503,SEC31A,O94979,O94979-1,Canonical,K,503,Ubiquitination,LGYRKEDLGKkIALALNKVDG,EDLGKkALKDS,EDLGKkHIKEE,Second,True,0.167,0.0352135920968,False,SE,,,,,,,,,,DEG_CRBN_cyclicCter_1;DEG_Nend_UBRbox_1,,,,,,,,,,,,,,
SE_171,P55899-1_S334,FCGRT,P55899,P55899-1,Canonical,S,334,Phosphorylation,MRSGLPAPWIsLRGDDTGVLL,PAPWIsLRGDD,LAPWIsLRGDD,Second,True,0.091,0.0352135920968,False,SE,,,,,,,,,,DOC_PP2B_PxIxIT_1;LIG_Integrin_RGD_1,,,,,,,,,,,,,,
SE_172,Q14247-3_S261;Q14247-2_S261;Q14247-1_S261,CTTN,Q14247,Q14247-1,Canonical,S,261,Phosphorylation,DHQEKLQLHEsQKDYKTGFGG,LQLHEsQKDYK,LQLHEsQKDYS,First,True,0.09,0.0355211287599,False,SE,,DYN2(INDUCES),,"molecular association, regulation",PRKCI,,,,,DEG_Nend_UBRbox_2;MOD_SUMO_rev_2,,,,,,,,,,CHIR99021->d,,,DNM2->INDUCES;PRKCI->REGULATES,
SE_172,Q14247-1_K263,CTTN,Q14247,Q14247-1,Canonical,K,263,Ubiquitination,QEKLQLHESQkDYKTGFGGKF,LHESQkDYKTG,LHESQkDYSKG,First,True,0.09,0.0355211287599,False,SE,,,,,,,,,,DEG_Nend_Nbox_1;LIG_PDZ_Class_1;MOD_PIKK_1;MOD_SUMO_rev_2,,,,,,,,,,,,,,
SE_172,Q14247-3_Y265;Q14247-1_Y302,CTTN,Q14247,Q14247-1,Canonical,Y,302,Phosphorylation,KLAKHESQQDySKGFGGKYGV,ESQQDySKGFG,ESQKDySKGFG,Second,True,0.09,0.0355211287599,False,SE,,,,,,,,,,DEG_Cend_KLHDC2_1;DEG_Nend_UBRbox_1;LIG_BRCT_BRCA1_1;MOD_PIKK_1,,,,,,,,,,,,,,
SE_172,Q14247-1_S303;Q14247-3_S266,CTTN,Q14247,Q14247-1,Canonical,S,303,Phosphorylation,LAKHESQQDYsKGFGGKYGVQ,SQQDYsKGFGG,SQKDYsKGFGG,Second,True,0.09,0.0355211287599,False,SE,,,,,,,,,,,,,,,,,,,,,,,,
SE_172,Q14247-1_K304,CTTN,Q14247,Q14247-1,Canonical,K,304,Acetylation,AKHESQQDYSkGFGGKYGVQK,QQDYSkGFGGK,QKDYSkGFGGK,Second,True,0.09,0.0355211287599,False,SE,,,,,,,,,,DEG_Nend_UBRbox_2;LIG_BRCT_BRCA1_1,,,,,,,,,,,,,,
SE_172,Q14247-1_K304,CTTN,Q14247,Q14247-1,Canonical,K,304,Ubiquitination,AKHESQQDYSkGFGGKYGVQK,QQDYSkGFGGK,QKDYSkGFGGK,Second,True,0.09,0.0355211287599,False,SE,,,,,,,,,,DEG_Nend_UBRbox_2;LIG_BRCT_BRCA1_1,,,,,,,,,,,,,,
SE_173,Q8WWI1-3_T354,LMO7,Q8WWI1,Q8WWI1-3,Alternative,T,354,Phosphorylation,ASPVYTEADGtFSRLFQKIYG,TEADGtFSSNQ,TEADGtFSRSK,First,True,0.133,0.0357958050902,False,SE,,,,,,,,,,CLV_C14_Caspase3-7;DEG_Cend_TRIM7_1;DEG_CRBN_cyclicCter_1;LIG_BRCT_BRCA1_1;LIG_FHA_2;LIG_LIR_Gen_1;LIG_LIR_Nem_3;LIG_Pex14_2;LIG_SH2_STAT5,,,,,,,,,,,,,,
SE_173,Q8WWI1-3_S356,LMO7,Q8WWI1,Q8WWI1-3,Alternative,S,356,Phosphorylation,PVYTEADGTFsRLFQKIYGEN,ADGTFsSNQRR,ADGTFsRSKSM,First,True,0.133,0.0357958050902,False,SE,,,,,,,,,,CLV_C14_Caspase3-7;LIG_LIR_Gen_1;LIG_LIR_Nem_3;LIG_Pex14_2,,,,,,,,,,,,,,
SE_173,Q8WWI1-3_S370,LMO7,Q8WWI1,Q8WWI1-3,Alternative,S,370,Phosphorylation,QKIYGENGSKsMSDVSAEDVQ,GFRSKsMSDVS,FSRSKsMSDVS,Second,True,0.133,0.0357958050902,False,SE,,,,,,,,,,DEG_Nend_Nbox_1;LIG_PDZ_Class_2;LIG_WD40_WDR5_VDV_2;MOD_GSK3_1;MOD_N-GLC_1,,,,,,,,,,,,,,
SE_174,Q9H8M2-5_K513,BRD9,Q9H8M2,Q9H8M2-5,Canonical,K,513,Ubiquitination,SMLSSLGKVKkELDPDDSHLN,PGKVKkELDPD,LGKVKkELDPD,First,True,-0.087,0.0361457107738,False,SE,,,,,,,,,,LIG_BIR_II_1;MOD_SUMO_for_1,,,,,,,,,,,,,,
SE_176,P56945-1_Y306,BCAR1,P56945,P56945-1,Canonical,Y,306,Phosphorylation,GLPPSNHHAVyDVPPSVSKDV,WGVWVyDVPPS,YGQEVyDVPPS,First,True,-0.07,0.0458775672499,False,SE,"cell growth, induced",,,,,breast cancer->increased,,,,LIG_WD40_WDR5_VDV_2,,,,FGFR1,,,,,,,,,FGFR1->REGULATES,FGFR1
5ASS_0,Q13444-1_S806,ADAM15,Q13444,Q13444-1,Canonical,S,806,Phosphorylation,RPLPADPVVRsPKSQGPAKPP,DPVVRsPKVTV,DPVVRsPKSQG,First,True,0.309,0.0,False,5ASS,,,,,,,,,,LIG_SH3_3;MOD_PIKK_1,,,,,,,,,,,,,,
5ASS_3,Q12824-2_S67,SMARCB1,Q12824,Q12824-2,Alternative,S,67,Phosphorylation,VEERKKIVASsHDHGYTTLAT,KIVASsHGKKT,KIVASsHDHGY,First,True,0.174,2.39143669866e-07,False,5ASS,,,,,,,,,,DEG_Nend_UBRbox_1;LIG_HCF-1_HBM_1,,,,,,,,,,,,,,
5ASS_4,Q6NXG1-3_S543;Q6NXG1-1_S543,ESRP1,Q6NXG1,Q6NXG1-1,Canonical,S,543,Phosphorylation,MGGTLNRNGLsPPPCKLPCLS,NRNGLsPPPCK,NRNGLsPPPCL,First,True,0.178,0.00518586398004,False,5ASS,,,,,,,,,,TRG_PTS1,,,,,,,,,,,,,,
5ASS_4,Q6NXG1-1_S553,ESRP1,Q6NXG1,Q6NXG1-1,Canonical,S,553,Phosphorylation,SPPPCKLPCLsPPSYTFPAPA,KLPCLsPPSYT,PPPCLsPPSYT,Second,True,0.178,0.00518586398004,False,5ASS,,,,,,,,,,LIG_BRCT_BRCA1_1;LIG_MYND_1;LIG_PDZ_Class_2;LIG_WW_1,,,,,,,,,,,,,,
3ASS_5,P23497-1_S512,SP100,P23497,P23497-1,Canonical,S,512,Phosphorylation,QEARTESSQAsDMMDTMDVEN,ESSQAsDMMGS,ESSQAsDMMGF,First,True,0.395,0.395,False,3ASS,,,,,,,,,,DEG_Nend_UBRbox_1;LIG_RB_pABgroove_1;MOD_PIKK_1,,,,,,,,,,,,,,
3ASS_5,P23497-1_S451;P23497-2_S451,SP100,P23497,P23497-1,Canonical,S,451,Phosphorylation,WRIPSRKRRFsSSDFSDLSNG,FPKGFsSSDFS,DMMGFsSSDFS,Second,True,0.395,0.395,False,3ASS,,,,,,,,,,CLV_NRD_NRD_1;CLV_PCSK_FUR_1;CLV_PCSK_KEX2_1;CLV_PCSK_PC1ET2_1;LIG_BRCT_BRCA1_1;MOD_GSK3_1;TRG_ER_diArg_1;TRG_NLS_MonoCore_2;TRG_NLS_MonoExtN_4,,,,,,,,,,,,,,
3ASS_5,P23497-1_S452,SP100,P23497,P23497-1,Canonical,S,452,Phosphorylation,RIPSRKRRFSsSDFSDLSNGE,PKGFSsSDFSD,MMGFSsSDFSD,Second,True,0.395,0.395,False,3ASS,,,,,,,,,,CLV_NRD_NRD_1;CLV_PCSK_FUR_1;CLV_PCSK_KEX2_1;CLV_PCSK_PC1ET2_1;LIG_14-3-3_CanoR_1;LIG_BIR_II_1;LIG_LIR_Gen_1;LIG_LIR_Nem_3;LIG_PDZ_Class_1;MOD_PKA_1;MOD_PKA_2;MOD_PKB_1;TRG_ER_diArg_1;TRG_NLS_MonoCore_2;TRG_NLS_MonoExtN_4,,,,,,,,,,,,,,
3ASS_5,P23497-1_S453;P23497-2_S453,SP100,P23497,P23497-1,Canonical,S,453,Phosphorylation,IPSRKRRFSSsDFSDLSNGEE,KGFSSsDFSDL,MGFSSsDFSDL,Second,True,0.395,0.395,False,3ASS,,,,,,,,,,CLV_NRD_NRD_1;CLV_PCSK_FUR_1;CLV_PCSK_KEX2_1;CLV_PCSK_PC1ET2_1;DEG_Nend_UBRbox_1;LIG_14-3-3_CanoR_1;LIG_BRCT_BRCA1_1;LIG_LIR_Nem_3;MOD_GSK3_1;MOD_PKA_1;MOD_PKA_2;MOD_PKB_1;TRG_ER_diArg_1;TRG_NLS_MonoExtN_4,,,,,,,,,,,,,,
RI_2,Q9NZ71-1_S882,RTEL1,Q9NZ71,Q9NZ71-1,Canonical,S,882,Phosphorylation,RGGRKKIRLVsHPEEPVAGAQ,KIRLVsHPVRE,KIRLVsHPEEP,First,True,-0.162,0.00224515976552,False,RI,,,,,,,,,,DEG_Nend_UBRbox_1;LIG_PDZ_Class_3;LIG_SH3_3;TRG_NLS_MonoExtN_4,,,,,,,,,,,,,,
RI_5,Q8TED4-1_K499,SLC37A2,Q8TED4,Q8TED4-1,Canonical,K,499,Ubiquitination,KVSLSRGSGYkEI        ,SSCRYkEI*GP,RGSGYkEI*GP,Second,True,-0.57,0.0361432536442,True,RI,,,,,,,,,,DEG_Nend_Nbox_1;LIG_LIR_Nem_3;MOD_CK1_1;MOD_GlcNHglycan;MOD_PKA_2;TRG_ENDOCYTIC_2,,,,,,,,,,,,,,
